<?xml version="1.0" encoding="UTF-8" standalone="yes"?>
<w:ftr xmlns:wpc="http://schemas.microsoft.com/office/word/2010/wordprocessingCanvas" xmlns:cx="http://schemas.microsoft.com/office/drawing/2014/chartex" xmlns:cx1="http://schemas.microsoft.com/office/drawing/2015/9/8/chartex" xmlns:cx2="http://schemas.microsoft.com/office/drawing/2015/10/21/chartex" xmlns:cx3="http://schemas.microsoft.com/office/drawing/2016/5/9/chartex" xmlns:cx4="http://schemas.microsoft.com/office/drawing/2016/5/10/chartex" xmlns:cx5="http://schemas.microsoft.com/office/drawing/2016/5/11/chartex" xmlns:cx6="http://schemas.microsoft.com/office/drawing/2016/5/12/chartex" xmlns:cx7="http://schemas.microsoft.com/office/drawing/2016/5/13/chartex" xmlns:cx8="http://schemas.microsoft.com/office/drawing/2016/5/14/chartex" xmlns:mc="http://schemas.openxmlformats.org/markup-compatibility/2006" xmlns:aink="http://schemas.microsoft.com/office/drawing/2016/ink" xmlns:am3d="http://schemas.microsoft.com/office/drawing/2017/model3d" xmlns:o="urn:schemas-microsoft-com:office:office" xmlns:oel="http://schemas.microsoft.com/office/2019/extlst" xmlns:r="http://schemas.openxmlformats.org/officeDocument/2006/relationships" xmlns:m="http://schemas.openxmlformats.org/officeDocument/2006/math" xmlns:v="urn:schemas-microsoft-com:vml" xmlns:wp14="http://schemas.microsoft.com/office/word/2010/wordprocessingDrawing" xmlns:wp="http://schemas.openxmlformats.org/drawingml/2006/wordprocessingDrawing" xmlns:w10="urn:schemas-microsoft-com:office:word" xmlns:w="http://schemas.openxmlformats.org/wordprocessingml/2006/main" xmlns:w14="http://schemas.microsoft.com/office/word/2010/wordml" xmlns:w15="http://schemas.microsoft.com/office/word/2012/wordml" xmlns:w16cex="http://schemas.microsoft.com/office/word/2018/wordml/cex" xmlns:w16cid="http://schemas.microsoft.com/office/word/2016/wordml/cid" xmlns:w16="http://schemas.microsoft.com/office/word/2018/wordml" xmlns:w16sdtdh="http://schemas.microsoft.com/office/word/2020/wordml/sdtdatahash" xmlns:w16se="http://schemas.microsoft.com/office/word/2015/wordml/symex" xmlns:wpg="http://schemas.microsoft.com/office/word/2010/wordprocessingGroup" xmlns:wpi="http://schemas.microsoft.com/office/word/2010/wordprocessingInk" xmlns:wne="http://schemas.microsoft.com/office/word/2006/wordml" xmlns:wps="http://schemas.microsoft.com/office/word/2010/wordprocessingShape" mc:Ignorable="w14 w15 w16se w16cid w16 w16cex w16sdtdh wp14"><w:sdt><w:sdtPr><w:id w:val="36168335"/><w:docPartObj><w:docPartGallery w:val="Page Numbers (Bottom of Page)"/><w:docPartUnique/></w:docPartObj></w:sdtPr><w:sdtEndPr><w:rPr><w:noProof/></w:rPr></w:sdtEndPr><w:sdtContent><w:p w14:paraId="34AA0F39" w14:textId="683F363B" w:rsidR="00035A1D" w:rsidRDefault="00035A1D"><w:pPr><w:pStyle w:val="Footer"/><w:jc w:val="center"/></w:pPr><w:r><w:fldChar w:fldCharType="begin"/></w:r><w:r><w:instrText xml:space="preserve"> PAGE   \* MERGEFORMAT </w:instrText></w:r><w:r><w:fldChar w:fldCharType="separate"/></w:r><w:r><w:rPr><w:noProof/></w:rPr><w:t>2</w:t></w:r><w:r><w:rPr><w:noProof/></w:rPr><w:fldChar w:fldCharType="end"/></w:r></w:p></w:sdtContent></w:sdt><w:p w14:paraId="391982FC" w14:textId="77777777" w:rsidR="00035A1D" w:rsidRDefault="00035A1D"><w:pPr><w:pStyle w:val="Footer"/></w:pPr></w:p></w:ftr>