<?xml version="1.0" encoding="UTF-8" standalone="yes"?>
<w:numbering xmlns:wpc="http://schemas.microsoft.com/office/word/2010/wordprocessingCanvas" xmlns:cx="http://schemas.microsoft.com/office/drawing/2014/chartex" xmlns:cx1="http://schemas.microsoft.com/office/drawing/2015/9/8/chartex" xmlns:cx2="http://schemas.microsoft.com/office/drawing/2015/10/21/chartex" xmlns:cx3="http://schemas.microsoft.com/office/drawing/2016/5/9/chartex" xmlns:cx4="http://schemas.microsoft.com/office/drawing/2016/5/10/chartex" xmlns:cx5="http://schemas.microsoft.com/office/drawing/2016/5/11/chartex" xmlns:cx6="http://schemas.microsoft.com/office/drawing/2016/5/12/chartex" xmlns:cx7="http://schemas.microsoft.com/office/drawing/2016/5/13/chartex" xmlns:cx8="http://schemas.microsoft.com/office/drawing/2016/5/14/chartex" xmlns:mc="http://schemas.openxmlformats.org/markup-compatibility/2006" xmlns:aink="http://schemas.microsoft.com/office/drawing/2016/ink" xmlns:am3d="http://schemas.microsoft.com/office/drawing/2017/model3d" xmlns:o="urn:schemas-microsoft-com:office:office" xmlns:oel="http://schemas.microsoft.com/office/2019/extlst" xmlns:r="http://schemas.openxmlformats.org/officeDocument/2006/relationships" xmlns:m="http://schemas.openxmlformats.org/officeDocument/2006/math" xmlns:v="urn:schemas-microsoft-com:vml" xmlns:wp14="http://schemas.microsoft.com/office/word/2010/wordprocessingDrawing" xmlns:wp="http://schemas.openxmlformats.org/drawingml/2006/wordprocessingDrawing" xmlns:w10="urn:schemas-microsoft-com:office:word" xmlns:w="http://schemas.openxmlformats.org/wordprocessingml/2006/main" xmlns:w14="http://schemas.microsoft.com/office/word/2010/wordml" xmlns:w15="http://schemas.microsoft.com/office/word/2012/wordml" xmlns:w16cex="http://schemas.microsoft.com/office/word/2018/wordml/cex" xmlns:w16cid="http://schemas.microsoft.com/office/word/2016/wordml/cid" xmlns:w16="http://schemas.microsoft.com/office/word/2018/wordml" xmlns:w16sdtdh="http://schemas.microsoft.com/office/word/2020/wordml/sdtdatahash" xmlns:w16se="http://schemas.microsoft.com/office/word/2015/wordml/symex" xmlns:wpg="http://schemas.microsoft.com/office/word/2010/wordprocessingGroup" xmlns:wpi="http://schemas.microsoft.com/office/word/2010/wordprocessingInk" xmlns:wne="http://schemas.microsoft.com/office/word/2006/wordml" xmlns:wps="http://schemas.microsoft.com/office/word/2010/wordprocessingShape" mc:Ignorable="w14 w15 w16se w16cid w16 w16cex w16sdtdh wp14"><w:abstractNum w:abstractNumId="0" w15:restartNumberingAfterBreak="0"><w:nsid w:val="00000005"/><w:multiLevelType w:val="hybridMultilevel"/><w:tmpl w:val="56626CC4"/><w:lvl w:ilvl="0" w:tplc="04090001"><w:start w:val="1"/><w:numFmt w:val="bullet"/><w:lvlText w:val=""/><w:lvlJc w:val="left"/><w:pPr><w:ind w:left="720" w:hanging="360"/></w:pPr><w:rPr><w:rFonts w:ascii="Symbol" w:hAnsi="Symbol" w:hint="default"/></w:rPr></w:lvl><w:lvl w:ilvl="1" w:tplc="04090003" w:tentative="1"><w:start w:val="1"/><w:numFmt w:val="bullet"/><w:lvlText w:val="o"/><w:lvlJc w:val="left"/><w:pPr><w:ind w:left="1440" w:hanging="360"/></w:pPr><w:rPr><w:rFonts w:ascii="Courier New" w:hAnsi="Courier New" w:cs="Courier New" w:hint="default"/></w:rPr></w:lvl><w:lvl w:ilvl="2" w:tplc="04090005" w:tentative="1"><w:start w:val="1"/><w:numFmt w:val="bullet"/><w:lvlText w:val=""/><w:lvlJc w:val="left"/><w:pPr><w:ind w:left="2160" w:hanging="360"/></w:pPr><w:rPr><w:rFonts w:ascii="Wingdings" w:hAnsi="Wingdings" w:hint="default"/></w:rPr></w:lvl><w:lvl w:ilvl="3" w:tplc="04090001" w:tentative="1"><w:start w:val="1"/><w:numFmt w:val="bullet"/><w:lvlText w:val=""/><w:lvlJc w:val="left"/><w:pPr><w:ind w:left="2880" w:hanging="360"/></w:pPr><w:rPr><w:rFonts w:ascii="Symbol" w:hAnsi="Symbol" w:hint="default"/></w:rPr></w:lvl><w:lvl w:ilvl="4" w:tplc="04090003" w:tentative="1"><w:start w:val="1"/><w:numFmt w:val="bullet"/><w:lvlText w:val="o"/><w:lvlJc w:val="left"/><w:pPr><w:ind w:left="3600" w:hanging="360"/></w:pPr><w:rPr><w:rFonts w:ascii="Courier New" w:hAnsi="Courier New" w:cs="Courier New" w:hint="default"/></w:rPr></w:lvl><w:lvl w:ilvl="5" w:tplc="04090005" w:tentative="1"><w:start w:val="1"/><w:numFmt w:val="bullet"/><w:lvlText w:val=""/><w:lvlJc w:val="left"/><w:pPr><w:ind w:left="4320" w:hanging="360"/></w:pPr><w:rPr><w:rFonts w:ascii="Wingdings" w:hAnsi="Wingdings" w:hint="default"/></w:rPr></w:lvl><w:lvl w:ilvl="6" w:tplc="04090001" w:tentative="1"><w:start w:val="1"/><w:numFmt w:val="bullet"/><w:lvlText w:val=""/><w:lvlJc w:val="left"/><w:pPr><w:ind w:left="5040" w:hanging="360"/></w:pPr><w:rPr><w:rFonts w:ascii="Symbol" w:hAnsi="Symbol" w:hint="default"/></w:rPr></w:lvl><w:lvl w:ilvl="7" w:tplc="04090003" w:tentative="1"><w:start w:val="1"/><w:numFmt w:val="bullet"/><w:lvlText w:val="o"/><w:lvlJc w:val="left"/><w:pPr><w:ind w:left="5760" w:hanging="360"/></w:pPr><w:rPr><w:rFonts w:ascii="Courier New" w:hAnsi="Courier New" w:cs="Courier New" w:hint="default"/></w:rPr></w:lvl><w:lvl w:ilvl="8" w:tplc="04090005" w:tentative="1"><w:start w:val="1"/><w:numFmt w:val="bullet"/><w:lvlText w:val=""/><w:lvlJc w:val="left"/><w:pPr><w:ind w:left="6480" w:hanging="360"/></w:pPr><w:rPr><w:rFonts w:ascii="Wingdings" w:hAnsi="Wingdings" w:hint="default"/></w:rPr></w:lvl></w:abstractNum><w:abstractNum w:abstractNumId="1" w15:restartNumberingAfterBreak="0"><w:nsid w:val="00000007"/><w:multiLevelType w:val="hybridMultilevel"/><w:tmpl w:val="938A7C10"/><w:lvl w:ilvl="0" w:tplc="04090001"><w:start w:val="1"/><w:numFmt w:val="bullet"/><w:lvlText w:val=""/><w:lvlJc w:val="left"/><w:pPr><w:ind w:left="720" w:hanging="360"/></w:pPr><w:rPr><w:rFonts w:ascii="Symbol" w:hAnsi="Symbol" w:hint="default"/></w:rPr></w:lvl><w:lvl w:ilvl="1" w:tplc="04090003" w:tentative="1"><w:start w:val="1"/><w:numFmt w:val="bullet"/><w:lvlText w:val="o"/><w:lvlJc w:val="left"/><w:pPr><w:ind w:left="1440" w:hanging="360"/></w:pPr><w:rPr><w:rFonts w:ascii="Courier New" w:hAnsi="Courier New" w:cs="Courier New" w:hint="default"/></w:rPr></w:lvl><w:lvl w:ilvl="2" w:tplc="04090005" w:tentative="1"><w:start w:val="1"/><w:numFmt w:val="bullet"/><w:lvlText w:val=""/><w:lvlJc w:val="left"/><w:pPr><w:ind w:left="2160" w:hanging="360"/></w:pPr><w:rPr><w:rFonts w:ascii="Wingdings" w:hAnsi="Wingdings" w:hint="default"/></w:rPr></w:lvl><w:lvl w:ilvl="3" w:tplc="04090001" w:tentative="1"><w:start w:val="1"/><w:numFmt w:val="bullet"/><w:lvlText w:val=""/><w:lvlJc w:val="left"/><w:pPr><w:ind w:left="2880" w:hanging="360"/></w:pPr><w:rPr><w:rFonts w:ascii="Symbol" w:hAnsi="Symbol" w:hint="default"/></w:rPr></w:lvl><w:lvl w:ilvl="4" w:tplc="04090003" w:tentative="1"><w:start w:val="1"/><w:numFmt w:val="bullet"/><w:lvlText w:val="o"/><w:lvlJc w:val="left"/><w:pPr><w:ind w:left="3600" w:hanging="360"/></w:pPr><w:rPr><w:rFonts w:ascii="Courier New" w:hAnsi="Courier New" w:cs="Courier New" w:hint="default"/></w:rPr></w:lvl><w:lvl w:ilvl="5" w:tplc="04090005" w:tentative="1"><w:start w:val="1"/><w:numFmt w:val="bullet"/><w:lvlText w:val=""/><w:lvlJc w:val="left"/><w:pPr><w:ind w:left="4320" w:hanging="360"/></w:pPr><w:rPr><w:rFonts w:ascii="Wingdings" w:hAnsi="Wingdings" w:hint="default"/></w:rPr></w:lvl><w:lvl w:ilvl="6" w:tplc="04090001" w:tentative="1"><w:start w:val="1"/><w:numFmt w:val="bullet"/><w:lvlText w:val=""/><w:lvlJc w:val="left"/><w:pPr><w:ind w:left="5040" w:hanging="360"/></w:pPr><w:rPr><w:rFonts w:ascii="Symbol" w:hAnsi="Symbol" w:hint="default"/></w:rPr></w:lvl><w:lvl w:ilvl="7" w:tplc="04090003" w:tentative="1"><w:start w:val="1"/><w:numFmt w:val="bullet"/><w:lvlText w:val="o"/><w:lvlJc w:val="left"/><w:pPr><w:ind w:left="5760" w:hanging="360"/></w:pPr><w:rPr><w:rFonts w:ascii="Courier New" w:hAnsi="Courier New" w:cs="Courier New" w:hint="default"/></w:rPr></w:lvl><w:lvl w:ilvl="8" w:tplc="04090005" w:tentative="1"><w:start w:val="1"/><w:numFmt w:val="bullet"/><w:lvlText w:val=""/><w:lvlJc w:val="left"/><w:pPr><w:ind w:left="6480" w:hanging="360"/></w:pPr><w:rPr><w:rFonts w:ascii="Wingdings" w:hAnsi="Wingdings" w:hint="default"/></w:rPr></w:lvl></w:abstractNum><w:abstractNum w:abstractNumId="2" w15:restartNumberingAfterBreak="0"><w:nsid w:val="0000000C"/><w:multiLevelType w:val="hybridMultilevel"/><w:tmpl w:val="4422327C"/><w:lvl w:ilvl="0" w:tplc="04090001"><w:start w:val="1"/><w:numFmt w:val="bullet"/><w:lvlText w:val=""/><w:lvlJc w:val="left"/><w:pPr><w:ind w:left="720" w:hanging="360"/></w:pPr><w:rPr><w:rFonts w:ascii="Symbol" w:hAnsi="Symbol" w:hint="default"/></w:rPr></w:lvl><w:lvl w:ilvl="1" w:tplc="04090003" w:tentative="1"><w:start w:val="1"/><w:numFmt w:val="bullet"/><w:lvlText w:val="o"/><w:lvlJc w:val="left"/><w:pPr><w:ind w:left="1440" w:hanging="360"/></w:pPr><w:rPr><w:rFonts w:ascii="Courier New" w:hAnsi="Courier New" w:cs="Courier New" w:hint="default"/></w:rPr></w:lvl><w:lvl w:ilvl="2" w:tplc="04090005" w:tentative="1"><w:start w:val="1"/><w:numFmt w:val="bullet"/><w:lvlText w:val=""/><w:lvlJc w:val="left"/><w:pPr><w:ind w:left="2160" w:hanging="360"/></w:pPr><w:rPr><w:rFonts w:ascii="Wingdings" w:hAnsi="Wingdings" w:hint="default"/></w:rPr></w:lvl><w:lvl w:ilvl="3" w:tplc="04090001" w:tentative="1"><w:start w:val="1"/><w:numFmt w:val="bullet"/><w:lvlText w:val=""/><w:lvlJc w:val="left"/><w:pPr><w:ind w:left="2880" w:hanging="360"/></w:pPr><w:rPr><w:rFonts w:ascii="Symbol" w:hAnsi="Symbol" w:hint="default"/></w:rPr></w:lvl><w:lvl w:ilvl="4" w:tplc="04090003" w:tentative="1"><w:start w:val="1"/><w:numFmt w:val="bullet"/><w:lvlText w:val="o"/><w:lvlJc w:val="left"/><w:pPr><w:ind w:left="3600" w:hanging="360"/></w:pPr><w:rPr><w:rFonts w:ascii="Courier New" w:hAnsi="Courier New" w:cs="Courier New" w:hint="default"/></w:rPr></w:lvl><w:lvl w:ilvl="5" w:tplc="04090005" w:tentative="1"><w:start w:val="1"/><w:numFmt w:val="bullet"/><w:lvlText w:val=""/><w:lvlJc w:val="left"/><w:pPr><w:ind w:left="4320" w:hanging="360"/></w:pPr><w:rPr><w:rFonts w:ascii="Wingdings" w:hAnsi="Wingdings" w:hint="default"/></w:rPr></w:lvl><w:lvl w:ilvl="6" w:tplc="04090001" w:tentative="1"><w:start w:val="1"/><w:numFmt w:val="bullet"/><w:lvlText w:val=""/><w:lvlJc w:val="left"/><w:pPr><w:ind w:left="5040" w:hanging="360"/></w:pPr><w:rPr><w:rFonts w:ascii="Symbol" w:hAnsi="Symbol" w:hint="default"/></w:rPr></w:lvl><w:lvl w:ilvl="7" w:tplc="04090003" w:tentative="1"><w:start w:val="1"/><w:numFmt w:val="bullet"/><w:lvlText w:val="o"/><w:lvlJc w:val="left"/><w:pPr><w:ind w:left="5760" w:hanging="360"/></w:pPr><w:rPr><w:rFonts w:ascii="Courier New" w:hAnsi="Courier New" w:cs="Courier New" w:hint="default"/></w:rPr></w:lvl><w:lvl w:ilvl="8" w:tplc="04090005" w:tentative="1"><w:start w:val="1"/><w:numFmt w:val="bullet"/><w:lvlText w:val=""/><w:lvlJc w:val="left"/><w:pPr><w:ind w:left="6480" w:hanging="360"/></w:pPr><w:rPr><w:rFonts w:ascii="Wingdings" w:hAnsi="Wingdings" w:hint="default"/></w:rPr></w:lvl></w:abstractNum><w:abstractNum w:abstractNumId="3" w15:restartNumberingAfterBreak="0"><w:nsid w:val="0000000D"/><w:multiLevelType w:val="hybridMultilevel"/><w:tmpl w:val="225C8C50"/><w:lvl w:ilvl="0" w:tplc="0409000B"><w:start w:val="1"/><w:numFmt w:val="bullet"/><w:lvlText w:val=""/><w:lvlJc w:val="left"/><w:pPr><w:tabs><w:tab w:val="left" w:pos="360"/></w:tabs><w:ind w:left="360" w:hanging="360"/></w:pPr><w:rPr><w:rFonts w:ascii="Wingdings" w:hAnsi="Wingdings" w:hint="default"/></w:rPr></w:lvl><w:lvl w:ilvl="1" w:tplc="04090003" w:tentative="1"><w:start w:val="1"/><w:numFmt w:val="bullet"/><w:lvlText w:val="o"/><w:lvlJc w:val="left"/><w:pPr><w:tabs><w:tab w:val="left" w:pos="2160"/></w:tabs><w:ind w:left="2160" w:hanging="360"/></w:pPr><w:rPr><w:rFonts w:ascii="Courier New" w:hAnsi="Courier New" w:cs="Courier New" w:hint="default"/></w:rPr></w:lvl><w:lvl w:ilvl="2" w:tplc="04090005" w:tentative="1"><w:start w:val="1"/><w:numFmt w:val="bullet"/><w:lvlText w:val=""/><w:lvlJc w:val="left"/><w:pPr><w:tabs><w:tab w:val="left" w:pos="2880"/></w:tabs><w:ind w:left="2880" w:hanging="360"/></w:pPr><w:rPr><w:rFonts w:ascii="Wingdings" w:hAnsi="Wingdings" w:hint="default"/></w:rPr></w:lvl><w:lvl w:ilvl="3" w:tplc="04090001" w:tentative="1"><w:start w:val="1"/><w:numFmt w:val="bullet"/><w:lvlText w:val=""/><w:lvlJc w:val="left"/><w:pPr><w:tabs><w:tab w:val="left" w:pos="3600"/></w:tabs><w:ind w:left="3600" w:hanging="360"/></w:pPr><w:rPr><w:rFonts w:ascii="Symbol" w:hAnsi="Symbol" w:hint="default"/></w:rPr></w:lvl><w:lvl w:ilvl="4" w:tplc="04090003" w:tentative="1"><w:start w:val="1"/><w:numFmt w:val="bullet"/><w:lvlText w:val="o"/><w:lvlJc w:val="left"/><w:pPr><w:tabs><w:tab w:val="left" w:pos="4320"/></w:tabs><w:ind w:left="4320" w:hanging="360"/></w:pPr><w:rPr><w:rFonts w:ascii="Courier New" w:hAnsi="Courier New" w:cs="Courier New" w:hint="default"/></w:rPr></w:lvl><w:lvl w:ilvl="5" w:tplc="04090005" w:tentative="1"><w:start w:val="1"/><w:numFmt w:val="bullet"/><w:lvlText w:val=""/><w:lvlJc w:val="left"/><w:pPr><w:tabs><w:tab w:val="left" w:pos="5040"/></w:tabs><w:ind w:left="5040" w:hanging="360"/></w:pPr><w:rPr><w:rFonts w:ascii="Wingdings" w:hAnsi="Wingdings" w:hint="default"/></w:rPr></w:lvl><w:lvl w:ilvl="6" w:tplc="04090001" w:tentative="1"><w:start w:val="1"/><w:numFmt w:val="bullet"/><w:lvlText w:val=""/><w:lvlJc w:val="left"/><w:pPr><w:tabs><w:tab w:val="left" w:pos="5760"/></w:tabs><w:ind w:left="5760" w:hanging="360"/></w:pPr><w:rPr><w:rFonts w:ascii="Symbol" w:hAnsi="Symbol" w:hint="default"/></w:rPr></w:lvl><w:lvl w:ilvl="7" w:tplc="04090003" w:tentative="1"><w:start w:val="1"/><w:numFmt w:val="bullet"/><w:lvlText w:val="o"/><w:lvlJc w:val="left"/><w:pPr><w:tabs><w:tab w:val="left" w:pos="6480"/></w:tabs><w:ind w:left="6480" w:hanging="360"/></w:pPr><w:rPr><w:rFonts w:ascii="Courier New" w:hAnsi="Courier New" w:cs="Courier New" w:hint="default"/></w:rPr></w:lvl><w:lvl w:ilvl="8" w:tplc="04090005" w:tentative="1"><w:start w:val="1"/><w:numFmt w:val="bullet"/><w:lvlText w:val=""/><w:lvlJc w:val="left"/><w:pPr><w:tabs><w:tab w:val="left" w:pos="7200"/></w:tabs><w:ind w:left="7200" w:hanging="360"/></w:pPr><w:rPr><w:rFonts w:ascii="Wingdings" w:hAnsi="Wingdings" w:hint="default"/></w:rPr></w:lvl></w:abstractNum><w:abstractNum w:abstractNumId="4" w15:restartNumberingAfterBreak="0"><w:nsid w:val="00000010"/><w:multiLevelType w:val="hybridMultilevel"/><w:tmpl w:val="C3F416DA"/><w:lvl w:ilvl="0" w:tplc="4009000D"><w:start w:val="1"/><w:numFmt w:val="bullet"/><w:lvlText w:val=""/><w:lvlJc w:val="left"/><w:pPr><w:ind w:left="360" w:hanging="360"/></w:pPr><w:rPr><w:rFonts w:ascii="Wingdings" w:hAnsi="Wingdings" w:hint="default"/></w:rPr></w:lvl><w:lvl w:ilvl="1" w:tplc="04090003"><w:start w:val="1"/><w:numFmt w:val="bullet"/><w:lvlText w:val="o"/><w:lvlJc w:val="left"/><w:pPr><w:ind w:left="1440" w:hanging="360"/></w:pPr><w:rPr><w:rFonts w:ascii="Courier New" w:hAnsi="Courier New" w:cs="Courier New" w:hint="default"/></w:rPr></w:lvl><w:lvl w:ilvl="2" w:tplc="04090005"><w:start w:val="1"/><w:numFmt w:val="bullet"/><w:lvlText w:val=""/><w:lvlJc w:val="left"/><w:pPr><w:ind w:left="2160" w:hanging="360"/></w:pPr><w:rPr><w:rFonts w:ascii="Wingdings" w:hAnsi="Wingdings" w:hint="default"/></w:rPr></w:lvl><w:lvl w:ilvl="3" w:tplc="04090001"><w:start w:val="1"/><w:numFmt w:val="bullet"/><w:lvlText w:val=""/><w:lvlJc w:val="left"/><w:pPr><w:ind w:left="2880" w:hanging="360"/></w:pPr><w:rPr><w:rFonts w:ascii="Symbol" w:hAnsi="Symbol" w:hint="default"/></w:rPr></w:lvl><w:lvl w:ilvl="4" w:tplc="04090003"><w:start w:val="1"/><w:numFmt w:val="bullet"/><w:lvlText w:val="o"/><w:lvlJc w:val="left"/><w:pPr><w:ind w:left="3600" w:hanging="360"/></w:pPr><w:rPr><w:rFonts w:ascii="Courier New" w:hAnsi="Courier New" w:cs="Courier New" w:hint="default"/></w:rPr></w:lvl><w:lvl w:ilvl="5" w:tplc="04090005" w:tentative="1"><w:start w:val="1"/><w:numFmt w:val="bullet"/><w:lvlText w:val=""/><w:lvlJc w:val="left"/><w:pPr><w:ind w:left="4320" w:hanging="360"/></w:pPr><w:rPr><w:rFonts w:ascii="Wingdings" w:hAnsi="Wingdings" w:hint="default"/></w:rPr></w:lvl><w:lvl w:ilvl="6" w:tplc="04090001" w:tentative="1"><w:start w:val="1"/><w:numFmt w:val="bullet"/><w:lvlText w:val=""/><w:lvlJc w:val="left"/><w:pPr><w:ind w:left="5040" w:hanging="360"/></w:pPr><w:rPr><w:rFonts w:ascii="Symbol" w:hAnsi="Symbol" w:hint="default"/></w:rPr></w:lvl><w:lvl w:ilvl="7" w:tplc="04090003" w:tentative="1"><w:start w:val="1"/><w:numFmt w:val="bullet"/><w:lvlText w:val="o"/><w:lvlJc w:val="left"/><w:pPr><w:ind w:left="5760" w:hanging="360"/></w:pPr><w:rPr><w:rFonts w:ascii="Courier New" w:hAnsi="Courier New" w:cs="Courier New" w:hint="default"/></w:rPr></w:lvl><w:lvl w:ilvl="8" w:tplc="04090005" w:tentative="1"><w:start w:val="1"/><w:numFmt w:val="bullet"/><w:lvlText w:val=""/><w:lvlJc w:val="left"/><w:pPr><w:ind w:left="6480" w:hanging="360"/></w:pPr><w:rPr><w:rFonts w:ascii="Wingdings" w:hAnsi="Wingdings" w:hint="default"/></w:rPr></w:lvl></w:abstractNum><w:abstractNum w:abstractNumId="5" w15:restartNumberingAfterBreak="0"><w:nsid w:val="00000012"/><w:multiLevelType w:val="hybridMultilevel"/><w:tmpl w:val="9B8E2DB6"/><w:lvl w:ilvl="0" w:tplc="04090001"><w:start w:val="1"/><w:numFmt w:val="bullet"/><w:lvlText w:val=""/><w:lvlJc w:val="left"/><w:pPr><w:ind w:left="720" w:hanging="360"/></w:pPr><w:rPr><w:rFonts w:ascii="Symbol" w:hAnsi="Symbol" w:hint="default"/></w:rPr></w:lvl><w:lvl w:ilvl="1" w:tplc="04090003" w:tentative="1"><w:start w:val="1"/><w:numFmt w:val="bullet"/><w:lvlText w:val="o"/><w:lvlJc w:val="left"/><w:pPr><w:ind w:left="1440" w:hanging="360"/></w:pPr><w:rPr><w:rFonts w:ascii="Courier New" w:hAnsi="Courier New" w:cs="Courier New" w:hint="default"/></w:rPr></w:lvl><w:lvl w:ilvl="2" w:tplc="04090005" w:tentative="1"><w:start w:val="1"/><w:numFmt w:val="bullet"/><w:lvlText w:val=""/><w:lvlJc w:val="left"/><w:pPr><w:ind w:left="2160" w:hanging="360"/></w:pPr><w:rPr><w:rFonts w:ascii="Wingdings" w:hAnsi="Wingdings" w:hint="default"/></w:rPr></w:lvl><w:lvl w:ilvl="3" w:tplc="04090001" w:tentative="1"><w:start w:val="1"/><w:numFmt w:val="bullet"/><w:lvlText w:val=""/><w:lvlJc w:val="left"/><w:pPr><w:ind w:left="2880" w:hanging="360"/></w:pPr><w:rPr><w:rFonts w:ascii="Symbol" w:hAnsi="Symbol" w:hint="default"/></w:rPr></w:lvl><w:lvl w:ilvl="4" w:tplc="04090003" w:tentative="1"><w:start w:val="1"/><w:numFmt w:val="bullet"/><w:lvlText w:val="o"/><w:lvlJc w:val="left"/><w:pPr><w:ind w:left="3600" w:hanging="360"/></w:pPr><w:rPr><w:rFonts w:ascii="Courier New" w:hAnsi="Courier New" w:cs="Courier New" w:hint="default"/></w:rPr></w:lvl><w:lvl w:ilvl="5" w:tplc="04090005" w:tentative="1"><w:start w:val="1"/><w:numFmt w:val="bullet"/><w:lvlText w:val=""/><w:lvlJc w:val="left"/><w:pPr><w:ind w:left="4320" w:hanging="360"/></w:pPr><w:rPr><w:rFonts w:ascii="Wingdings" w:hAnsi="Wingdings" w:hint="default"/></w:rPr></w:lvl><w:lvl w:ilvl="6" w:tplc="04090001" w:tentative="1"><w:start w:val="1"/><w:numFmt w:val="bullet"/><w:lvlText w:val=""/><w:lvlJc w:val="left"/><w:pPr><w:ind w:left="5040" w:hanging="360"/></w:pPr><w:rPr><w:rFonts w:ascii="Symbol" w:hAnsi="Symbol" w:hint="default"/></w:rPr></w:lvl><w:lvl w:ilvl="7" w:tplc="04090003" w:tentative="1"><w:start w:val="1"/><w:numFmt w:val="bullet"/><w:lvlText w:val="o"/><w:lvlJc w:val="left"/><w:pPr><w:ind w:left="5760" w:hanging="360"/></w:pPr><w:rPr><w:rFonts w:ascii="Courier New" w:hAnsi="Courier New" w:cs="Courier New" w:hint="default"/></w:rPr></w:lvl><w:lvl w:ilvl="8" w:tplc="04090005" w:tentative="1"><w:start w:val="1"/><w:numFmt w:val="bullet"/><w:lvlText w:val=""/><w:lvlJc w:val="left"/><w:pPr><w:ind w:left="6480" w:hanging="360"/></w:pPr><w:rPr><w:rFonts w:ascii="Wingdings" w:hAnsi="Wingdings" w:hint="default"/></w:rPr></w:lvl></w:abstractNum><w:abstractNum w:abstractNumId="6" w15:restartNumberingAfterBreak="0"><w:nsid w:val="068F50E2"/><w:multiLevelType w:val="hybridMultilevel"/><w:tmpl w:val="8F1C93AE"/><w:lvl w:ilvl="0" w:tplc="04090001"><w:start w:val="1"/><w:numFmt w:val="bullet"/><w:lvlText w:val=""/><w:lvlJc w:val="left"/><w:pPr><w:ind w:left="720" w:hanging="360"/></w:pPr><w:rPr><w:rFonts w:ascii="Symbol" w:hAnsi="Symbol" w:hint="default"/></w:rPr></w:lvl><w:lvl w:ilvl="1" w:tplc="04090003" w:tentative="1"><w:start w:val="1"/><w:numFmt w:val="bullet"/><w:lvlText w:val="o"/><w:lvlJc w:val="left"/><w:pPr><w:ind w:left="1440" w:hanging="360"/></w:pPr><w:rPr><w:rFonts w:ascii="Courier New" w:hAnsi="Courier New" w:cs="Courier New" w:hint="default"/></w:rPr></w:lvl><w:lvl w:ilvl="2" w:tplc="04090005" w:tentative="1"><w:start w:val="1"/><w:numFmt w:val="bullet"/><w:lvlText w:val=""/><w:lvlJc w:val="left"/><w:pPr><w:ind w:left="2160" w:hanging="360"/></w:pPr><w:rPr><w:rFonts w:ascii="Wingdings" w:hAnsi="Wingdings" w:hint="default"/></w:rPr></w:lvl><w:lvl w:ilvl="3" w:tplc="04090001" w:tentative="1"><w:start w:val="1"/><w:numFmt w:val="bullet"/><w:lvlText w:val=""/><w:lvlJc w:val="left"/><w:pPr><w:ind w:left="2880" w:hanging="360"/></w:pPr><w:rPr><w:rFonts w:ascii="Symbol" w:hAnsi="Symbol" w:hint="default"/></w:rPr></w:lvl><w:lvl w:ilvl="4" w:tplc="04090003" w:tentative="1"><w:start w:val="1"/><w:numFmt w:val="bullet"/><w:lvlText w:val="o"/><w:lvlJc w:val="left"/><w:pPr><w:ind w:left="3600" w:hanging="360"/></w:pPr><w:rPr><w:rFonts w:ascii="Courier New" w:hAnsi="Courier New" w:cs="Courier New" w:hint="default"/></w:rPr></w:lvl><w:lvl w:ilvl="5" w:tplc="04090005" w:tentative="1"><w:start w:val="1"/><w:numFmt w:val="bullet"/><w:lvlText w:val=""/><w:lvlJc w:val="left"/><w:pPr><w:ind w:left="4320" w:hanging="360"/></w:pPr><w:rPr><w:rFonts w:ascii="Wingdings" w:hAnsi="Wingdings" w:hint="default"/></w:rPr></w:lvl><w:lvl w:ilvl="6" w:tplc="04090001" w:tentative="1"><w:start w:val="1"/><w:numFmt w:val="bullet"/><w:lvlText w:val=""/><w:lvlJc w:val="left"/><w:pPr><w:ind w:left="5040" w:hanging="360"/></w:pPr><w:rPr><w:rFonts w:ascii="Symbol" w:hAnsi="Symbol" w:hint="default"/></w:rPr></w:lvl><w:lvl w:ilvl="7" w:tplc="04090003" w:tentative="1"><w:start w:val="1"/><w:numFmt w:val="bullet"/><w:lvlText w:val="o"/><w:lvlJc w:val="left"/><w:pPr><w:ind w:left="5760" w:hanging="360"/></w:pPr><w:rPr><w:rFonts w:ascii="Courier New" w:hAnsi="Courier New" w:cs="Courier New" w:hint="default"/></w:rPr></w:lvl><w:lvl w:ilvl="8" w:tplc="04090005" w:tentative="1"><w:start w:val="1"/><w:numFmt w:val="bullet"/><w:lvlText w:val=""/><w:lvlJc w:val="left"/><w:pPr><w:ind w:left="6480" w:hanging="360"/></w:pPr><w:rPr><w:rFonts w:ascii="Wingdings" w:hAnsi="Wingdings" w:hint="default"/></w:rPr></w:lvl></w:abstractNum><w:abstractNum w:abstractNumId="7" w15:restartNumberingAfterBreak="0"><w:nsid w:val="0E144EEF"/><w:multiLevelType w:val="hybridMultilevel"/><w:tmpl w:val="DE1C7622"/><w:lvl w:ilvl="0" w:tplc="5F70CB5E"><w:start w:val="1"/><w:numFmt w:val="bullet"/><w:lvlText w:val="•"/><w:lvlJc w:val="left"/><w:pPr><w:tabs><w:tab w:val="num" w:pos="720"/></w:tabs><w:ind w:left="720" w:hanging="360"/></w:pPr><w:rPr><w:rFonts w:ascii="Arial" w:hAnsi="Arial" w:hint="default"/></w:rPr></w:lvl><w:lvl w:ilvl="1" w:tplc="60923BC4" w:tentative="1"><w:start w:val="1"/><w:numFmt w:val="bullet"/><w:lvlText w:val="•"/><w:lvlJc w:val="left"/><w:pPr><w:tabs><w:tab w:val="num" w:pos="1440"/></w:tabs><w:ind w:left="1440" w:hanging="360"/></w:pPr><w:rPr><w:rFonts w:ascii="Arial" w:hAnsi="Arial" w:hint="default"/></w:rPr></w:lvl><w:lvl w:ilvl="2" w:tplc="62386CA0" w:tentative="1"><w:start w:val="1"/><w:numFmt w:val="bullet"/><w:lvlText w:val="•"/><w:lvlJc w:val="left"/><w:pPr><w:tabs><w:tab w:val="num" w:pos="2160"/></w:tabs><w:ind w:left="2160" w:hanging="360"/></w:pPr><w:rPr><w:rFonts w:ascii="Arial" w:hAnsi="Arial" w:hint="default"/></w:rPr></w:lvl><w:lvl w:ilvl="3" w:tplc="9ECEC52C" w:tentative="1"><w:start w:val="1"/><w:numFmt w:val="bullet"/><w:lvlText w:val="•"/><w:lvlJc w:val="left"/><w:pPr><w:tabs><w:tab w:val="num" w:pos="2880"/></w:tabs><w:ind w:left="2880" w:hanging="360"/></w:pPr><w:rPr><w:rFonts w:ascii="Arial" w:hAnsi="Arial" w:hint="default"/></w:rPr></w:lvl><w:lvl w:ilvl="4" w:tplc="B3682DAC" w:tentative="1"><w:start w:val="1"/><w:numFmt w:val="bullet"/><w:lvlText w:val="•"/><w:lvlJc w:val="left"/><w:pPr><w:tabs><w:tab w:val="num" w:pos="3600"/></w:tabs><w:ind w:left="3600" w:hanging="360"/></w:pPr><w:rPr><w:rFonts w:ascii="Arial" w:hAnsi="Arial" w:hint="default"/></w:rPr></w:lvl><w:lvl w:ilvl="5" w:tplc="9ADC6424" w:tentative="1"><w:start w:val="1"/><w:numFmt w:val="bullet"/><w:lvlText w:val="•"/><w:lvlJc w:val="left"/><w:pPr><w:tabs><w:tab w:val="num" w:pos="4320"/></w:tabs><w:ind w:left="4320" w:hanging="360"/></w:pPr><w:rPr><w:rFonts w:ascii="Arial" w:hAnsi="Arial" w:hint="default"/></w:rPr></w:lvl><w:lvl w:ilvl="6" w:tplc="102CB486" w:tentative="1"><w:start w:val="1"/><w:numFmt w:val="bullet"/><w:lvlText w:val="•"/><w:lvlJc w:val="left"/><w:pPr><w:tabs><w:tab w:val="num" w:pos="5040"/></w:tabs><w:ind w:left="5040" w:hanging="360"/></w:pPr><w:rPr><w:rFonts w:ascii="Arial" w:hAnsi="Arial" w:hint="default"/></w:rPr></w:lvl><w:lvl w:ilvl="7" w:tplc="E6C4903A" w:tentative="1"><w:start w:val="1"/><w:numFmt w:val="bullet"/><w:lvlText w:val="•"/><w:lvlJc w:val="left"/><w:pPr><w:tabs><w:tab w:val="num" w:pos="5760"/></w:tabs><w:ind w:left="5760" w:hanging="360"/></w:pPr><w:rPr><w:rFonts w:ascii="Arial" w:hAnsi="Arial" w:hint="default"/></w:rPr></w:lvl><w:lvl w:ilvl="8" w:tplc="7E8661CA" w:tentative="1"><w:start w:val="1"/><w:numFmt w:val="bullet"/><w:lvlText w:val="•"/><w:lvlJc w:val="left"/><w:pPr><w:tabs><w:tab w:val="num" w:pos="6480"/></w:tabs><w:ind w:left="6480" w:hanging="360"/></w:pPr><w:rPr><w:rFonts w:ascii="Arial" w:hAnsi="Arial" w:hint="default"/></w:rPr></w:lvl></w:abstractNum><w:abstractNum w:abstractNumId="8" w15:restartNumberingAfterBreak="0"><w:nsid w:val="1CD663E2"/><w:multiLevelType w:val="hybridMultilevel"/><w:tmpl w:val="3FC86094"/><w:lvl w:ilvl="0" w:tplc="2CBE0190"><w:start w:val="1"/><w:numFmt w:val="decimal"/><w:lvlText w:val="%1."/><w:lvlJc w:val="left"/><w:pPr><w:ind w:left="735" w:hanging="375"/></w:pPr><w:rPr><w:rFonts w:hint="default"/></w:rPr></w:lvl><w:lvl w:ilvl="1" w:tplc="04090019" w:tentative="1"><w:start w:val="1"/><w:numFmt w:val="lowerLetter"/><w:lvlText w:val="%2."/><w:lvlJc w:val="left"/><w:pPr><w:ind w:left="1440" w:hanging="360"/></w:pPr></w:lvl><w:lvl w:ilvl="2" w:tplc="0409001B" w:tentative="1"><w:start w:val="1"/><w:numFmt w:val="lowerRoman"/><w:lvlText w:val="%3."/><w:lvlJc w:val="right"/><w:pPr><w:ind w:left="2160" w:hanging="180"/></w:pPr></w:lvl><w:lvl w:ilvl="3" w:tplc="0409000F" w:tentative="1"><w:start w:val="1"/><w:numFmt w:val="decimal"/><w:lvlText w:val="%4."/><w:lvlJc w:val="left"/><w:pPr><w:ind w:left="2880" w:hanging="360"/></w:pPr></w:lvl><w:lvl w:ilvl="4" w:tplc="04090019" w:tentative="1"><w:start w:val="1"/><w:numFmt w:val="lowerLetter"/><w:lvlText w:val="%5."/><w:lvlJc w:val="left"/><w:pPr><w:ind w:left="3600" w:hanging="360"/></w:pPr></w:lvl><w:lvl w:ilvl="5" w:tplc="0409001B" w:tentative="1"><w:start w:val="1"/><w:numFmt w:val="lowerRoman"/><w:lvlText w:val="%6."/><w:lvlJc w:val="right"/><w:pPr><w:ind w:left="4320" w:hanging="180"/></w:pPr></w:lvl><w:lvl w:ilvl="6" w:tplc="0409000F" w:tentative="1"><w:start w:val="1"/><w:numFmt w:val="decimal"/><w:lvlText w:val="%7."/><w:lvlJc w:val="left"/><w:pPr><w:ind w:left="5040" w:hanging="360"/></w:pPr></w:lvl><w:lvl w:ilvl="7" w:tplc="04090019" w:tentative="1"><w:start w:val="1"/><w:numFmt w:val="lowerLetter"/><w:lvlText w:val="%8."/><w:lvlJc w:val="left"/><w:pPr><w:ind w:left="5760" w:hanging="360"/></w:pPr></w:lvl><w:lvl w:ilvl="8" w:tplc="0409001B" w:tentative="1"><w:start w:val="1"/><w:numFmt w:val="lowerRoman"/><w:lvlText w:val="%9."/><w:lvlJc w:val="right"/><w:pPr><w:ind w:left="6480" w:hanging="180"/></w:pPr></w:lvl></w:abstractNum><w:abstractNum w:abstractNumId="9" w15:restartNumberingAfterBreak="0"><w:nsid w:val="268E554C"/><w:multiLevelType w:val="hybridMultilevel"/><w:tmpl w:val="A756F704"/><w:lvl w:ilvl="0" w:tplc="4009000B"><w:start w:val="1"/><w:numFmt w:val="bullet"/><w:lvlText w:val=""/><w:lvlJc w:val="left"/><w:pPr><w:ind w:left="720" w:hanging="360"/></w:pPr><w:rPr><w:rFonts w:ascii="Wingdings" w:hAnsi="Wingdings" w:hint="default"/></w:rPr></w:lvl><w:lvl w:ilvl="1" w:tplc="40090003" w:tentative="1"><w:start w:val="1"/><w:numFmt w:val="bullet"/><w:lvlText w:val="o"/><w:lvlJc w:val="left"/><w:pPr><w:ind w:left="1440" w:hanging="360"/></w:pPr><w:rPr><w:rFonts w:ascii="Courier New" w:hAnsi="Courier New" w:cs="Courier New" w:hint="default"/></w:rPr></w:lvl><w:lvl w:ilvl="2" w:tplc="40090005" w:tentative="1"><w:start w:val="1"/><w:numFmt w:val="bullet"/><w:lvlText w:val=""/><w:lvlJc w:val="left"/><w:pPr><w:ind w:left="2160" w:hanging="360"/></w:pPr><w:rPr><w:rFonts w:ascii="Wingdings" w:hAnsi="Wingdings" w:hint="default"/></w:rPr></w:lvl><w:lvl w:ilvl="3" w:tplc="40090001" w:tentative="1"><w:start w:val="1"/><w:numFmt w:val="bullet"/><w:lvlText w:val=""/><w:lvlJc w:val="left"/><w:pPr><w:ind w:left="2880" w:hanging="360"/></w:pPr><w:rPr><w:rFonts w:ascii="Symbol" w:hAnsi="Symbol" w:hint="default"/></w:rPr></w:lvl><w:lvl w:ilvl="4" w:tplc="40090003" w:tentative="1"><w:start w:val="1"/><w:numFmt w:val="bullet"/><w:lvlText w:val="o"/><w:lvlJc w:val="left"/><w:pPr><w:ind w:left="3600" w:hanging="360"/></w:pPr><w:rPr><w:rFonts w:ascii="Courier New" w:hAnsi="Courier New" w:cs="Courier New" w:hint="default"/></w:rPr></w:lvl><w:lvl w:ilvl="5" w:tplc="40090005" w:tentative="1"><w:start w:val="1"/><w:numFmt w:val="bullet"/><w:lvlText w:val=""/><w:lvlJc w:val="left"/><w:pPr><w:ind w:left="4320" w:hanging="360"/></w:pPr><w:rPr><w:rFonts w:ascii="Wingdings" w:hAnsi="Wingdings" w:hint="default"/></w:rPr></w:lvl><w:lvl w:ilvl="6" w:tplc="40090001" w:tentative="1"><w:start w:val="1"/><w:numFmt w:val="bullet"/><w:lvlText w:val=""/><w:lvlJc w:val="left"/><w:pPr><w:ind w:left="5040" w:hanging="360"/></w:pPr><w:rPr><w:rFonts w:ascii="Symbol" w:hAnsi="Symbol" w:hint="default"/></w:rPr></w:lvl><w:lvl w:ilvl="7" w:tplc="40090003" w:tentative="1"><w:start w:val="1"/><w:numFmt w:val="bullet"/><w:lvlText w:val="o"/><w:lvlJc w:val="left"/><w:pPr><w:ind w:left="5760" w:hanging="360"/></w:pPr><w:rPr><w:rFonts w:ascii="Courier New" w:hAnsi="Courier New" w:cs="Courier New" w:hint="default"/></w:rPr></w:lvl><w:lvl w:ilvl="8" w:tplc="40090005" w:tentative="1"><w:start w:val="1"/><w:numFmt w:val="bullet"/><w:lvlText w:val=""/><w:lvlJc w:val="left"/><w:pPr><w:ind w:left="6480" w:hanging="360"/></w:pPr><w:rPr><w:rFonts w:ascii="Wingdings" w:hAnsi="Wingdings" w:hint="default"/></w:rPr></w:lvl></w:abstractNum><w:abstractNum w:abstractNumId="10" w15:restartNumberingAfterBreak="0"><w:nsid w:val="315A0046"/><w:multiLevelType w:val="hybridMultilevel"/><w:tmpl w:val="389293C8"/><w:lvl w:ilvl="0" w:tplc="DC44A294"><w:start w:val="1"/><w:numFmt w:val="bullet"/><w:lvlText w:val="•"/><w:lvlJc w:val="left"/><w:pPr><w:tabs><w:tab w:val="num" w:pos="720"/></w:tabs><w:ind w:left="720" w:hanging="360"/></w:pPr><w:rPr><w:rFonts w:ascii="Arial" w:hAnsi="Arial" w:hint="default"/></w:rPr></w:lvl><w:lvl w:ilvl="1" w:tplc="74600008" w:tentative="1"><w:start w:val="1"/><w:numFmt w:val="bullet"/><w:lvlText w:val="•"/><w:lvlJc w:val="left"/><w:pPr><w:tabs><w:tab w:val="num" w:pos="1440"/></w:tabs><w:ind w:left="1440" w:hanging="360"/></w:pPr><w:rPr><w:rFonts w:ascii="Arial" w:hAnsi="Arial" w:hint="default"/></w:rPr></w:lvl><w:lvl w:ilvl="2" w:tplc="82B6FE76" w:tentative="1"><w:start w:val="1"/><w:numFmt w:val="bullet"/><w:lvlText w:val="•"/><w:lvlJc w:val="left"/><w:pPr><w:tabs><w:tab w:val="num" w:pos="2160"/></w:tabs><w:ind w:left="2160" w:hanging="360"/></w:pPr><w:rPr><w:rFonts w:ascii="Arial" w:hAnsi="Arial" w:hint="default"/></w:rPr></w:lvl><w:lvl w:ilvl="3" w:tplc="AE627FF8" w:tentative="1"><w:start w:val="1"/><w:numFmt w:val="bullet"/><w:lvlText w:val="•"/><w:lvlJc w:val="left"/><w:pPr><w:tabs><w:tab w:val="num" w:pos="2880"/></w:tabs><w:ind w:left="2880" w:hanging="360"/></w:pPr><w:rPr><w:rFonts w:ascii="Arial" w:hAnsi="Arial" w:hint="default"/></w:rPr></w:lvl><w:lvl w:ilvl="4" w:tplc="E43EA1C8" w:tentative="1"><w:start w:val="1"/><w:numFmt w:val="bullet"/><w:lvlText w:val="•"/><w:lvlJc w:val="left"/><w:pPr><w:tabs><w:tab w:val="num" w:pos="3600"/></w:tabs><w:ind w:left="3600" w:hanging="360"/></w:pPr><w:rPr><w:rFonts w:ascii="Arial" w:hAnsi="Arial" w:hint="default"/></w:rPr></w:lvl><w:lvl w:ilvl="5" w:tplc="06ECDF2E" w:tentative="1"><w:start w:val="1"/><w:numFmt w:val="bullet"/><w:lvlText w:val="•"/><w:lvlJc w:val="left"/><w:pPr><w:tabs><w:tab w:val="num" w:pos="4320"/></w:tabs><w:ind w:left="4320" w:hanging="360"/></w:pPr><w:rPr><w:rFonts w:ascii="Arial" w:hAnsi="Arial" w:hint="default"/></w:rPr></w:lvl><w:lvl w:ilvl="6" w:tplc="95BE1920" w:tentative="1"><w:start w:val="1"/><w:numFmt w:val="bullet"/><w:lvlText w:val="•"/><w:lvlJc w:val="left"/><w:pPr><w:tabs><w:tab w:val="num" w:pos="5040"/></w:tabs><w:ind w:left="5040" w:hanging="360"/></w:pPr><w:rPr><w:rFonts w:ascii="Arial" w:hAnsi="Arial" w:hint="default"/></w:rPr></w:lvl><w:lvl w:ilvl="7" w:tplc="275C7A2E" w:tentative="1"><w:start w:val="1"/><w:numFmt w:val="bullet"/><w:lvlText w:val="•"/><w:lvlJc w:val="left"/><w:pPr><w:tabs><w:tab w:val="num" w:pos="5760"/></w:tabs><w:ind w:left="5760" w:hanging="360"/></w:pPr><w:rPr><w:rFonts w:ascii="Arial" w:hAnsi="Arial" w:hint="default"/></w:rPr></w:lvl><w:lvl w:ilvl="8" w:tplc="D0AE4242" w:tentative="1"><w:start w:val="1"/><w:numFmt w:val="bullet"/><w:lvlText w:val="•"/><w:lvlJc w:val="left"/><w:pPr><w:tabs><w:tab w:val="num" w:pos="6480"/></w:tabs><w:ind w:left="6480" w:hanging="360"/></w:pPr><w:rPr><w:rFonts w:ascii="Arial" w:hAnsi="Arial" w:hint="default"/></w:rPr></w:lvl></w:abstractNum><w:abstractNum w:abstractNumId="11" w15:restartNumberingAfterBreak="0"><w:nsid w:val="425E3F45"/><w:multiLevelType w:val="hybridMultilevel"/><w:tmpl w:val="7090E710"/><w:lvl w:ilvl="0" w:tplc="04090001"><w:start w:val="1"/><w:numFmt w:val="bullet"/><w:lvlText w:val=""/><w:lvlJc w:val="left"/><w:pPr><w:ind w:left="720" w:hanging="360"/></w:pPr><w:rPr><w:rFonts w:ascii="Symbol" w:hAnsi="Symbol" w:hint="default"/></w:rPr></w:lvl><w:lvl w:ilvl="1" w:tplc="04090003" w:tentative="1"><w:start w:val="1"/><w:numFmt w:val="bullet"/><w:lvlText w:val="o"/><w:lvlJc w:val="left"/><w:pPr><w:ind w:left="1440" w:hanging="360"/></w:pPr><w:rPr><w:rFonts w:ascii="Courier New" w:hAnsi="Courier New" w:cs="Courier New" w:hint="default"/></w:rPr></w:lvl><w:lvl w:ilvl="2" w:tplc="04090005" w:tentative="1"><w:start w:val="1"/><w:numFmt w:val="bullet"/><w:lvlText w:val=""/><w:lvlJc w:val="left"/><w:pPr><w:ind w:left="2160" w:hanging="360"/></w:pPr><w:rPr><w:rFonts w:ascii="Wingdings" w:hAnsi="Wingdings" w:hint="default"/></w:rPr></w:lvl><w:lvl w:ilvl="3" w:tplc="04090001" w:tentative="1"><w:start w:val="1"/><w:numFmt w:val="bullet"/><w:lvlText w:val=""/><w:lvlJc w:val="left"/><w:pPr><w:ind w:left="2880" w:hanging="360"/></w:pPr><w:rPr><w:rFonts w:ascii="Symbol" w:hAnsi="Symbol" w:hint="default"/></w:rPr></w:lvl><w:lvl w:ilvl="4" w:tplc="04090003" w:tentative="1"><w:start w:val="1"/><w:numFmt w:val="bullet"/><w:lvlText w:val="o"/><w:lvlJc w:val="left"/><w:pPr><w:ind w:left="3600" w:hanging="360"/></w:pPr><w:rPr><w:rFonts w:ascii="Courier New" w:hAnsi="Courier New" w:cs="Courier New" w:hint="default"/></w:rPr></w:lvl><w:lvl w:ilvl="5" w:tplc="04090005" w:tentative="1"><w:start w:val="1"/><w:numFmt w:val="bullet"/><w:lvlText w:val=""/><w:lvlJc w:val="left"/><w:pPr><w:ind w:left="4320" w:hanging="360"/></w:pPr><w:rPr><w:rFonts w:ascii="Wingdings" w:hAnsi="Wingdings" w:hint="default"/></w:rPr></w:lvl><w:lvl w:ilvl="6" w:tplc="04090001" w:tentative="1"><w:start w:val="1"/><w:numFmt w:val="bullet"/><w:lvlText w:val=""/><w:lvlJc w:val="left"/><w:pPr><w:ind w:left="5040" w:hanging="360"/></w:pPr><w:rPr><w:rFonts w:ascii="Symbol" w:hAnsi="Symbol" w:hint="default"/></w:rPr></w:lvl><w:lvl w:ilvl="7" w:tplc="04090003" w:tentative="1"><w:start w:val="1"/><w:numFmt w:val="bullet"/><w:lvlText w:val="o"/><w:lvlJc w:val="left"/><w:pPr><w:ind w:left="5760" w:hanging="360"/></w:pPr><w:rPr><w:rFonts w:ascii="Courier New" w:hAnsi="Courier New" w:cs="Courier New" w:hint="default"/></w:rPr></w:lvl><w:lvl w:ilvl="8" w:tplc="04090005" w:tentative="1"><w:start w:val="1"/><w:numFmt w:val="bullet"/><w:lvlText w:val=""/><w:lvlJc w:val="left"/><w:pPr><w:ind w:left="6480" w:hanging="360"/></w:pPr><w:rPr><w:rFonts w:ascii="Wingdings" w:hAnsi="Wingdings" w:hint="default"/></w:rPr></w:lvl></w:abstractNum><w:abstractNum w:abstractNumId="12" w15:restartNumberingAfterBreak="0"><w:nsid w:val="43723917"/><w:multiLevelType w:val="hybridMultilevel"/><w:tmpl w:val="AA30A47A"/><w:lvl w:ilvl="0" w:tplc="4009000B"><w:start w:val="1"/><w:numFmt w:val="bullet"/><w:lvlText w:val=""/><w:lvlJc w:val="left"/><w:pPr><w:ind w:left="785" w:hanging="360"/></w:pPr><w:rPr><w:rFonts w:ascii="Wingdings" w:hAnsi="Wingdings" w:hint="default"/></w:rPr></w:lvl><w:lvl w:ilvl="1" w:tplc="40090003" w:tentative="1"><w:start w:val="1"/><w:numFmt w:val="bullet"/><w:lvlText w:val="o"/><w:lvlJc w:val="left"/><w:pPr><w:ind w:left="1505" w:hanging="360"/></w:pPr><w:rPr><w:rFonts w:ascii="Courier New" w:hAnsi="Courier New" w:cs="Courier New" w:hint="default"/></w:rPr></w:lvl><w:lvl w:ilvl="2" w:tplc="40090005" w:tentative="1"><w:start w:val="1"/><w:numFmt w:val="bullet"/><w:lvlText w:val=""/><w:lvlJc w:val="left"/><w:pPr><w:ind w:left="2225" w:hanging="360"/></w:pPr><w:rPr><w:rFonts w:ascii="Wingdings" w:hAnsi="Wingdings" w:hint="default"/></w:rPr></w:lvl><w:lvl w:ilvl="3" w:tplc="40090001" w:tentative="1"><w:start w:val="1"/><w:numFmt w:val="bullet"/><w:lvlText w:val=""/><w:lvlJc w:val="left"/><w:pPr><w:ind w:left="2945" w:hanging="360"/></w:pPr><w:rPr><w:rFonts w:ascii="Symbol" w:hAnsi="Symbol" w:hint="default"/></w:rPr></w:lvl><w:lvl w:ilvl="4" w:tplc="40090003" w:tentative="1"><w:start w:val="1"/><w:numFmt w:val="bullet"/><w:lvlText w:val="o"/><w:lvlJc w:val="left"/><w:pPr><w:ind w:left="3665" w:hanging="360"/></w:pPr><w:rPr><w:rFonts w:ascii="Courier New" w:hAnsi="Courier New" w:cs="Courier New" w:hint="default"/></w:rPr></w:lvl><w:lvl w:ilvl="5" w:tplc="40090005" w:tentative="1"><w:start w:val="1"/><w:numFmt w:val="bullet"/><w:lvlText w:val=""/><w:lvlJc w:val="left"/><w:pPr><w:ind w:left="4385" w:hanging="360"/></w:pPr><w:rPr><w:rFonts w:ascii="Wingdings" w:hAnsi="Wingdings" w:hint="default"/></w:rPr></w:lvl><w:lvl w:ilvl="6" w:tplc="40090001" w:tentative="1"><w:start w:val="1"/><w:numFmt w:val="bullet"/><w:lvlText w:val=""/><w:lvlJc w:val="left"/><w:pPr><w:ind w:left="5105" w:hanging="360"/></w:pPr><w:rPr><w:rFonts w:ascii="Symbol" w:hAnsi="Symbol" w:hint="default"/></w:rPr></w:lvl><w:lvl w:ilvl="7" w:tplc="40090003" w:tentative="1"><w:start w:val="1"/><w:numFmt w:val="bullet"/><w:lvlText w:val="o"/><w:lvlJc w:val="left"/><w:pPr><w:ind w:left="5825" w:hanging="360"/></w:pPr><w:rPr><w:rFonts w:ascii="Courier New" w:hAnsi="Courier New" w:cs="Courier New" w:hint="default"/></w:rPr></w:lvl><w:lvl w:ilvl="8" w:tplc="40090005" w:tentative="1"><w:start w:val="1"/><w:numFmt w:val="bullet"/><w:lvlText w:val=""/><w:lvlJc w:val="left"/><w:pPr><w:ind w:left="6545" w:hanging="360"/></w:pPr><w:rPr><w:rFonts w:ascii="Wingdings" w:hAnsi="Wingdings" w:hint="default"/></w:rPr></w:lvl></w:abstractNum><w:abstractNum w:abstractNumId="13" w15:restartNumberingAfterBreak="0"><w:nsid w:val="4BF2365D"/><w:multiLevelType w:val="hybridMultilevel"/><w:tmpl w:val="88BAC536"/><w:lvl w:ilvl="0" w:tplc="40090001"><w:start w:val="1"/><w:numFmt w:val="bullet"/><w:lvlText w:val=""/><w:lvlJc w:val="left"/><w:pPr><w:ind w:left="720" w:hanging="360"/></w:pPr><w:rPr><w:rFonts w:ascii="Symbol" w:hAnsi="Symbol" w:hint="default"/></w:rPr></w:lvl><w:lvl w:ilvl="1" w:tplc="40090003" w:tentative="1"><w:start w:val="1"/><w:numFmt w:val="bullet"/><w:lvlText w:val="o"/><w:lvlJc w:val="left"/><w:pPr><w:ind w:left="1440" w:hanging="360"/></w:pPr><w:rPr><w:rFonts w:ascii="Courier New" w:hAnsi="Courier New" w:cs="Courier New" w:hint="default"/></w:rPr></w:lvl><w:lvl w:ilvl="2" w:tplc="40090005" w:tentative="1"><w:start w:val="1"/><w:numFmt w:val="bullet"/><w:lvlText w:val=""/><w:lvlJc w:val="left"/><w:pPr><w:ind w:left="2160" w:hanging="360"/></w:pPr><w:rPr><w:rFonts w:ascii="Wingdings" w:hAnsi="Wingdings" w:hint="default"/></w:rPr></w:lvl><w:lvl w:ilvl="3" w:tplc="40090001" w:tentative="1"><w:start w:val="1"/><w:numFmt w:val="bullet"/><w:lvlText w:val=""/><w:lvlJc w:val="left"/><w:pPr><w:ind w:left="2880" w:hanging="360"/></w:pPr><w:rPr><w:rFonts w:ascii="Symbol" w:hAnsi="Symbol" w:hint="default"/></w:rPr></w:lvl><w:lvl w:ilvl="4" w:tplc="40090003" w:tentative="1"><w:start w:val="1"/><w:numFmt w:val="bullet"/><w:lvlText w:val="o"/><w:lvlJc w:val="left"/><w:pPr><w:ind w:left="3600" w:hanging="360"/></w:pPr><w:rPr><w:rFonts w:ascii="Courier New" w:hAnsi="Courier New" w:cs="Courier New" w:hint="default"/></w:rPr></w:lvl><w:lvl w:ilvl="5" w:tplc="40090005" w:tentative="1"><w:start w:val="1"/><w:numFmt w:val="bullet"/><w:lvlText w:val=""/><w:lvlJc w:val="left"/><w:pPr><w:ind w:left="4320" w:hanging="360"/></w:pPr><w:rPr><w:rFonts w:ascii="Wingdings" w:hAnsi="Wingdings" w:hint="default"/></w:rPr></w:lvl><w:lvl w:ilvl="6" w:tplc="40090001" w:tentative="1"><w:start w:val="1"/><w:numFmt w:val="bullet"/><w:lvlText w:val=""/><w:lvlJc w:val="left"/><w:pPr><w:ind w:left="5040" w:hanging="360"/></w:pPr><w:rPr><w:rFonts w:ascii="Symbol" w:hAnsi="Symbol" w:hint="default"/></w:rPr></w:lvl><w:lvl w:ilvl="7" w:tplc="40090003" w:tentative="1"><w:start w:val="1"/><w:numFmt w:val="bullet"/><w:lvlText w:val="o"/><w:lvlJc w:val="left"/><w:pPr><w:ind w:left="5760" w:hanging="360"/></w:pPr><w:rPr><w:rFonts w:ascii="Courier New" w:hAnsi="Courier New" w:cs="Courier New" w:hint="default"/></w:rPr></w:lvl><w:lvl w:ilvl="8" w:tplc="40090005" w:tentative="1"><w:start w:val="1"/><w:numFmt w:val="bullet"/><w:lvlText w:val=""/><w:lvlJc w:val="left"/><w:pPr><w:ind w:left="6480" w:hanging="360"/></w:pPr><w:rPr><w:rFonts w:ascii="Wingdings" w:hAnsi="Wingdings" w:hint="default"/></w:rPr></w:lvl></w:abstractNum><w:abstractNum w:abstractNumId="14" w15:restartNumberingAfterBreak="0"><w:nsid w:val="53802FDB"/><w:multiLevelType w:val="multilevel"/><w:tmpl w:val="527E25BA"/><w:lvl w:ilvl="0"><w:start w:val="1"/><w:numFmt w:val="bullet"/><w:lvlText w:val=""/><w:lvlJc w:val="left"/><w:pPr><w:tabs><w:tab w:val="num" w:pos="720"/></w:tabs><w:ind w:left="720" w:hanging="360"/></w:pPr><w:rPr><w:rFonts w:ascii="Symbol" w:hAnsi="Symbol" w:hint="default"/><w:sz w:val="20"/></w:rPr></w:lvl><w:lvl w:ilvl="1" w:tentative="1"><w:start w:val="1"/><w:numFmt w:val="bullet"/><w:lvlText w:val=""/><w:lvlJc w:val="left"/><w:pPr><w:tabs><w:tab w:val="num" w:pos="1440"/></w:tabs><w:ind w:left="1440" w:hanging="360"/></w:pPr><w:rPr><w:rFonts w:ascii="Symbol" w:hAnsi="Symbol" w:hint="default"/><w:sz w:val="20"/></w:rPr></w:lvl><w:lvl w:ilvl="2" w:tentative="1"><w:start w:val="1"/><w:numFmt w:val="bullet"/><w:lvlText w:val=""/><w:lvlJc w:val="left"/><w:pPr><w:tabs><w:tab w:val="num" w:pos="2160"/></w:tabs><w:ind w:left="2160" w:hanging="360"/></w:pPr><w:rPr><w:rFonts w:ascii="Symbol" w:hAnsi="Symbol" w:hint="default"/><w:sz w:val="20"/></w:rPr></w:lvl><w:lvl w:ilvl="3" w:tentative="1"><w:start w:val="1"/><w:numFmt w:val="bullet"/><w:lvlText w:val=""/><w:lvlJc w:val="left"/><w:pPr><w:tabs><w:tab w:val="num" w:pos="2880"/></w:tabs><w:ind w:left="2880" w:hanging="360"/></w:pPr><w:rPr><w:rFonts w:ascii="Symbol" w:hAnsi="Symbol" w:hint="default"/><w:sz w:val="20"/></w:rPr></w:lvl><w:lvl w:ilvl="4" w:tentative="1"><w:start w:val="1"/><w:numFmt w:val="bullet"/><w:lvlText w:val=""/><w:lvlJc w:val="left"/><w:pPr><w:tabs><w:tab w:val="num" w:pos="3600"/></w:tabs><w:ind w:left="3600" w:hanging="360"/></w:pPr><w:rPr><w:rFonts w:ascii="Symbol" w:hAnsi="Symbol" w:hint="default"/><w:sz w:val="20"/></w:rPr></w:lvl><w:lvl w:ilvl="5" w:tentative="1"><w:start w:val="1"/><w:numFmt w:val="bullet"/><w:lvlText w:val=""/><w:lvlJc w:val="left"/><w:pPr><w:tabs><w:tab w:val="num" w:pos="4320"/></w:tabs><w:ind w:left="4320" w:hanging="360"/></w:pPr><w:rPr><w:rFonts w:ascii="Symbol" w:hAnsi="Symbol" w:hint="default"/><w:sz w:val="20"/></w:rPr></w:lvl><w:lvl w:ilvl="6" w:tentative="1"><w:start w:val="1"/><w:numFmt w:val="bullet"/><w:lvlText w:val=""/><w:lvlJc w:val="left"/><w:pPr><w:tabs><w:tab w:val="num" w:pos="5040"/></w:tabs><w:ind w:left="5040" w:hanging="360"/></w:pPr><w:rPr><w:rFonts w:ascii="Symbol" w:hAnsi="Symbol" w:hint="default"/><w:sz w:val="20"/></w:rPr></w:lvl><w:lvl w:ilvl="7" w:tentative="1"><w:start w:val="1"/><w:numFmt w:val="bullet"/><w:lvlText w:val=""/><w:lvlJc w:val="left"/><w:pPr><w:tabs><w:tab w:val="num" w:pos="5760"/></w:tabs><w:ind w:left="5760" w:hanging="360"/></w:pPr><w:rPr><w:rFonts w:ascii="Symbol" w:hAnsi="Symbol" w:hint="default"/><w:sz w:val="20"/></w:rPr></w:lvl><w:lvl w:ilvl="8" w:tentative="1"><w:start w:val="1"/><w:numFmt w:val="bullet"/><w:lvlText w:val=""/><w:lvlJc w:val="left"/><w:pPr><w:tabs><w:tab w:val="num" w:pos="6480"/></w:tabs><w:ind w:left="6480" w:hanging="360"/></w:pPr><w:rPr><w:rFonts w:ascii="Symbol" w:hAnsi="Symbol" w:hint="default"/><w:sz w:val="20"/></w:rPr></w:lvl></w:abstractNum><w:abstractNum w:abstractNumId="15" w15:restartNumberingAfterBreak="0"><w:nsid w:val="5CF60808"/><w:multiLevelType w:val="hybridMultilevel"/><w:tmpl w:val="C952F682"/><w:lvl w:ilvl="0" w:tplc="4009000B"><w:start w:val="1"/><w:numFmt w:val="bullet"/><w:lvlText w:val=""/><w:lvlJc w:val="left"/><w:pPr><w:ind w:left="720" w:hanging="360"/></w:pPr><w:rPr><w:rFonts w:ascii="Wingdings" w:hAnsi="Wingdings" w:hint="default"/></w:rPr></w:lvl><w:lvl w:ilvl="1" w:tplc="40090003" w:tentative="1"><w:start w:val="1"/><w:numFmt w:val="bullet"/><w:lvlText w:val="o"/><w:lvlJc w:val="left"/><w:pPr><w:ind w:left="1440" w:hanging="360"/></w:pPr><w:rPr><w:rFonts w:ascii="Courier New" w:hAnsi="Courier New" w:cs="Courier New" w:hint="default"/></w:rPr></w:lvl><w:lvl w:ilvl="2" w:tplc="40090005" w:tentative="1"><w:start w:val="1"/><w:numFmt w:val="bullet"/><w:lvlText w:val=""/><w:lvlJc w:val="left"/><w:pPr><w:ind w:left="2160" w:hanging="360"/></w:pPr><w:rPr><w:rFonts w:ascii="Wingdings" w:hAnsi="Wingdings" w:hint="default"/></w:rPr></w:lvl><w:lvl w:ilvl="3" w:tplc="40090001" w:tentative="1"><w:start w:val="1"/><w:numFmt w:val="bullet"/><w:lvlText w:val=""/><w:lvlJc w:val="left"/><w:pPr><w:ind w:left="2880" w:hanging="360"/></w:pPr><w:rPr><w:rFonts w:ascii="Symbol" w:hAnsi="Symbol" w:hint="default"/></w:rPr></w:lvl><w:lvl w:ilvl="4" w:tplc="40090003" w:tentative="1"><w:start w:val="1"/><w:numFmt w:val="bullet"/><w:lvlText w:val="o"/><w:lvlJc w:val="left"/><w:pPr><w:ind w:left="3600" w:hanging="360"/></w:pPr><w:rPr><w:rFonts w:ascii="Courier New" w:hAnsi="Courier New" w:cs="Courier New" w:hint="default"/></w:rPr></w:lvl><w:lvl w:ilvl="5" w:tplc="40090005" w:tentative="1"><w:start w:val="1"/><w:numFmt w:val="bullet"/><w:lvlText w:val=""/><w:lvlJc w:val="left"/><w:pPr><w:ind w:left="4320" w:hanging="360"/></w:pPr><w:rPr><w:rFonts w:ascii="Wingdings" w:hAnsi="Wingdings" w:hint="default"/></w:rPr></w:lvl><w:lvl w:ilvl="6" w:tplc="40090001" w:tentative="1"><w:start w:val="1"/><w:numFmt w:val="bullet"/><w:lvlText w:val=""/><w:lvlJc w:val="left"/><w:pPr><w:ind w:left="5040" w:hanging="360"/></w:pPr><w:rPr><w:rFonts w:ascii="Symbol" w:hAnsi="Symbol" w:hint="default"/></w:rPr></w:lvl><w:lvl w:ilvl="7" w:tplc="40090003" w:tentative="1"><w:start w:val="1"/><w:numFmt w:val="bullet"/><w:lvlText w:val="o"/><w:lvlJc w:val="left"/><w:pPr><w:ind w:left="5760" w:hanging="360"/></w:pPr><w:rPr><w:rFonts w:ascii="Courier New" w:hAnsi="Courier New" w:cs="Courier New" w:hint="default"/></w:rPr></w:lvl><w:lvl w:ilvl="8" w:tplc="40090005" w:tentative="1"><w:start w:val="1"/><w:numFmt w:val="bullet"/><w:lvlText w:val=""/><w:lvlJc w:val="left"/><w:pPr><w:ind w:left="6480" w:hanging="360"/></w:pPr><w:rPr><w:rFonts w:ascii="Wingdings" w:hAnsi="Wingdings" w:hint="default"/></w:rPr></w:lvl></w:abstractNum><w:abstractNum w:abstractNumId="16" w15:restartNumberingAfterBreak="0"><w:nsid w:val="5E854E53"/><w:multiLevelType w:val="hybridMultilevel"/><w:tmpl w:val="DEA4C7F2"/><w:lvl w:ilvl="0" w:tplc="4009000D"><w:start w:val="1"/><w:numFmt w:val="bullet"/><w:lvlText w:val=""/><w:lvlJc w:val="left"/><w:pPr><w:ind w:left="643" w:hanging="360"/></w:pPr><w:rPr><w:rFonts w:ascii="Wingdings" w:hAnsi="Wingdings" w:hint="default"/><w:b w:val="0"/><w:sz w:val="28"/><w:szCs w:val="28"/></w:rPr></w:lvl><w:lvl w:ilvl="1" w:tplc="04090019" w:tentative="1"><w:start w:val="1"/><w:numFmt w:val="lowerLetter"/><w:lvlText w:val="%2."/><w:lvlJc w:val="left"/><w:pPr><w:ind w:left="1363" w:hanging="360"/></w:pPr></w:lvl><w:lvl w:ilvl="2" w:tplc="0409001B" w:tentative="1"><w:start w:val="1"/><w:numFmt w:val="lowerRoman"/><w:lvlText w:val="%3."/><w:lvlJc w:val="right"/><w:pPr><w:ind w:left="2083" w:hanging="180"/></w:pPr></w:lvl><w:lvl w:ilvl="3" w:tplc="0409000F" w:tentative="1"><w:start w:val="1"/><w:numFmt w:val="decimal"/><w:lvlText w:val="%4."/><w:lvlJc w:val="left"/><w:pPr><w:ind w:left="2803" w:hanging="360"/></w:pPr></w:lvl><w:lvl w:ilvl="4" w:tplc="04090019" w:tentative="1"><w:start w:val="1"/><w:numFmt w:val="lowerLetter"/><w:lvlText w:val="%5."/><w:lvlJc w:val="left"/><w:pPr><w:ind w:left="3523" w:hanging="360"/></w:pPr></w:lvl><w:lvl w:ilvl="5" w:tplc="0409001B" w:tentative="1"><w:start w:val="1"/><w:numFmt w:val="lowerRoman"/><w:lvlText w:val="%6."/><w:lvlJc w:val="right"/><w:pPr><w:ind w:left="4243" w:hanging="180"/></w:pPr></w:lvl><w:lvl w:ilvl="6" w:tplc="0409000F" w:tentative="1"><w:start w:val="1"/><w:numFmt w:val="decimal"/><w:lvlText w:val="%7."/><w:lvlJc w:val="left"/><w:pPr><w:ind w:left="4963" w:hanging="360"/></w:pPr></w:lvl><w:lvl w:ilvl="7" w:tplc="04090019" w:tentative="1"><w:start w:val="1"/><w:numFmt w:val="lowerLetter"/><w:lvlText w:val="%8."/><w:lvlJc w:val="left"/><w:pPr><w:ind w:left="5683" w:hanging="360"/></w:pPr></w:lvl><w:lvl w:ilvl="8" w:tplc="0409001B" w:tentative="1"><w:start w:val="1"/><w:numFmt w:val="lowerRoman"/><w:lvlText w:val="%9."/><w:lvlJc w:val="right"/><w:pPr><w:ind w:left="6403" w:hanging="180"/></w:pPr></w:lvl></w:abstractNum><w:abstractNum w:abstractNumId="17" w15:restartNumberingAfterBreak="0"><w:nsid w:val="68320EBB"/><w:multiLevelType w:val="hybridMultilevel"/><w:tmpl w:val="61C66160"/><w:lvl w:ilvl="0" w:tplc="4009000B"><w:start w:val="1"/><w:numFmt w:val="bullet"/><w:lvlText w:val=""/><w:lvlJc w:val="left"/><w:pPr><w:ind w:left="720" w:hanging="360"/></w:pPr><w:rPr><w:rFonts w:ascii="Wingdings" w:hAnsi="Wingdings" w:hint="default"/></w:rPr></w:lvl><w:lvl w:ilvl="1" w:tplc="40090003" w:tentative="1"><w:start w:val="1"/><w:numFmt w:val="bullet"/><w:lvlText w:val="o"/><w:lvlJc w:val="left"/><w:pPr><w:ind w:left="1440" w:hanging="360"/></w:pPr><w:rPr><w:rFonts w:ascii="Courier New" w:hAnsi="Courier New" w:cs="Courier New" w:hint="default"/></w:rPr></w:lvl><w:lvl w:ilvl="2" w:tplc="40090005" w:tentative="1"><w:start w:val="1"/><w:numFmt w:val="bullet"/><w:lvlText w:val=""/><w:lvlJc w:val="left"/><w:pPr><w:ind w:left="2160" w:hanging="360"/></w:pPr><w:rPr><w:rFonts w:ascii="Wingdings" w:hAnsi="Wingdings" w:hint="default"/></w:rPr></w:lvl><w:lvl w:ilvl="3" w:tplc="40090001" w:tentative="1"><w:start w:val="1"/><w:numFmt w:val="bullet"/><w:lvlText w:val=""/><w:lvlJc w:val="left"/><w:pPr><w:ind w:left="2880" w:hanging="360"/></w:pPr><w:rPr><w:rFonts w:ascii="Symbol" w:hAnsi="Symbol" w:hint="default"/></w:rPr></w:lvl><w:lvl w:ilvl="4" w:tplc="40090003" w:tentative="1"><w:start w:val="1"/><w:numFmt w:val="bullet"/><w:lvlText w:val="o"/><w:lvlJc w:val="left"/><w:pPr><w:ind w:left="3600" w:hanging="360"/></w:pPr><w:rPr><w:rFonts w:ascii="Courier New" w:hAnsi="Courier New" w:cs="Courier New" w:hint="default"/></w:rPr></w:lvl><w:lvl w:ilvl="5" w:tplc="40090005" w:tentative="1"><w:start w:val="1"/><w:numFmt w:val="bullet"/><w:lvlText w:val=""/><w:lvlJc w:val="left"/><w:pPr><w:ind w:left="4320" w:hanging="360"/></w:pPr><w:rPr><w:rFonts w:ascii="Wingdings" w:hAnsi="Wingdings" w:hint="default"/></w:rPr></w:lvl><w:lvl w:ilvl="6" w:tplc="40090001" w:tentative="1"><w:start w:val="1"/><w:numFmt w:val="bullet"/><w:lvlText w:val=""/><w:lvlJc w:val="left"/><w:pPr><w:ind w:left="5040" w:hanging="360"/></w:pPr><w:rPr><w:rFonts w:ascii="Symbol" w:hAnsi="Symbol" w:hint="default"/></w:rPr></w:lvl><w:lvl w:ilvl="7" w:tplc="40090003" w:tentative="1"><w:start w:val="1"/><w:numFmt w:val="bullet"/><w:lvlText w:val="o"/><w:lvlJc w:val="left"/><w:pPr><w:ind w:left="5760" w:hanging="360"/></w:pPr><w:rPr><w:rFonts w:ascii="Courier New" w:hAnsi="Courier New" w:cs="Courier New" w:hint="default"/></w:rPr></w:lvl><w:lvl w:ilvl="8" w:tplc="40090005" w:tentative="1"><w:start w:val="1"/><w:numFmt w:val="bullet"/><w:lvlText w:val=""/><w:lvlJc w:val="left"/><w:pPr><w:ind w:left="6480" w:hanging="360"/></w:pPr><w:rPr><w:rFonts w:ascii="Wingdings" w:hAnsi="Wingdings" w:hint="default"/></w:rPr></w:lvl></w:abstractNum><w:abstractNum w:abstractNumId="18" w15:restartNumberingAfterBreak="0"><w:nsid w:val="72893756"/><w:multiLevelType w:val="hybridMultilevel"/><w:tmpl w:val="4462AFF4"/><w:lvl w:ilvl="0" w:tplc="40090001"><w:start w:val="1"/><w:numFmt w:val="bullet"/><w:lvlText w:val=""/><w:lvlJc w:val="left"/><w:pPr><w:ind w:left="720" w:hanging="360"/></w:pPr><w:rPr><w:rFonts w:ascii="Symbol" w:hAnsi="Symbol" w:hint="default"/></w:rPr></w:lvl><w:lvl w:ilvl="1" w:tplc="40090003" w:tentative="1"><w:start w:val="1"/><w:numFmt w:val="bullet"/><w:lvlText w:val="o"/><w:lvlJc w:val="left"/><w:pPr><w:ind w:left="1440" w:hanging="360"/></w:pPr><w:rPr><w:rFonts w:ascii="Courier New" w:hAnsi="Courier New" w:cs="Courier New" w:hint="default"/></w:rPr></w:lvl><w:lvl w:ilvl="2" w:tplc="40090005" w:tentative="1"><w:start w:val="1"/><w:numFmt w:val="bullet"/><w:lvlText w:val=""/><w:lvlJc w:val="left"/><w:pPr><w:ind w:left="2160" w:hanging="360"/></w:pPr><w:rPr><w:rFonts w:ascii="Wingdings" w:hAnsi="Wingdings" w:hint="default"/></w:rPr></w:lvl><w:lvl w:ilvl="3" w:tplc="40090001" w:tentative="1"><w:start w:val="1"/><w:numFmt w:val="bullet"/><w:lvlText w:val=""/><w:lvlJc w:val="left"/><w:pPr><w:ind w:left="2880" w:hanging="360"/></w:pPr><w:rPr><w:rFonts w:ascii="Symbol" w:hAnsi="Symbol" w:hint="default"/></w:rPr></w:lvl><w:lvl w:ilvl="4" w:tplc="40090003" w:tentative="1"><w:start w:val="1"/><w:numFmt w:val="bullet"/><w:lvlText w:val="o"/><w:lvlJc w:val="left"/><w:pPr><w:ind w:left="3600" w:hanging="360"/></w:pPr><w:rPr><w:rFonts w:ascii="Courier New" w:hAnsi="Courier New" w:cs="Courier New" w:hint="default"/></w:rPr></w:lvl><w:lvl w:ilvl="5" w:tplc="40090005" w:tentative="1"><w:start w:val="1"/><w:numFmt w:val="bullet"/><w:lvlText w:val=""/><w:lvlJc w:val="left"/><w:pPr><w:ind w:left="4320" w:hanging="360"/></w:pPr><w:rPr><w:rFonts w:ascii="Wingdings" w:hAnsi="Wingdings" w:hint="default"/></w:rPr></w:lvl><w:lvl w:ilvl="6" w:tplc="40090001" w:tentative="1"><w:start w:val="1"/><w:numFmt w:val="bullet"/><w:lvlText w:val=""/><w:lvlJc w:val="left"/><w:pPr><w:ind w:left="5040" w:hanging="360"/></w:pPr><w:rPr><w:rFonts w:ascii="Symbol" w:hAnsi="Symbol" w:hint="default"/></w:rPr></w:lvl><w:lvl w:ilvl="7" w:tplc="40090003" w:tentative="1"><w:start w:val="1"/><w:numFmt w:val="bullet"/><w:lvlText w:val="o"/><w:lvlJc w:val="left"/><w:pPr><w:ind w:left="5760" w:hanging="360"/></w:pPr><w:rPr><w:rFonts w:ascii="Courier New" w:hAnsi="Courier New" w:cs="Courier New" w:hint="default"/></w:rPr></w:lvl><w:lvl w:ilvl="8" w:tplc="40090005" w:tentative="1"><w:start w:val="1"/><w:numFmt w:val="bullet"/><w:lvlText w:val=""/><w:lvlJc w:val="left"/><w:pPr><w:ind w:left="6480" w:hanging="360"/></w:pPr><w:rPr><w:rFonts w:ascii="Wingdings" w:hAnsi="Wingdings" w:hint="default"/></w:rPr></w:lvl></w:abstractNum><w:abstractNum w:abstractNumId="19" w15:restartNumberingAfterBreak="0"><w:nsid w:val="74163B7C"/><w:multiLevelType w:val="hybridMultilevel"/><w:tmpl w:val="1BC4A572"/><w:lvl w:ilvl="0" w:tplc="60224F7C"><w:numFmt w:val="bullet"/><w:lvlText w:val="-"/><w:lvlJc w:val="left"/><w:pPr><w:ind w:left="720" w:hanging="360"/></w:pPr><w:rPr><w:rFonts w:ascii="Arial" w:eastAsia="Times New Roman" w:hAnsi="Arial" w:cs="Arial" w:hint="default"/></w:rPr></w:lvl><w:lvl w:ilvl="1" w:tplc="04090003" w:tentative="1"><w:start w:val="1"/><w:numFmt w:val="bullet"/><w:lvlText w:val="o"/><w:lvlJc w:val="left"/><w:pPr><w:ind w:left="1440" w:hanging="360"/></w:pPr><w:rPr><w:rFonts w:ascii="Courier New" w:hAnsi="Courier New" w:cs="Courier New" w:hint="default"/></w:rPr></w:lvl><w:lvl w:ilvl="2" w:tplc="04090005" w:tentative="1"><w:start w:val="1"/><w:numFmt w:val="bullet"/><w:lvlText w:val=""/><w:lvlJc w:val="left"/><w:pPr><w:ind w:left="2160" w:hanging="360"/></w:pPr><w:rPr><w:rFonts w:ascii="Wingdings" w:hAnsi="Wingdings" w:hint="default"/></w:rPr></w:lvl><w:lvl w:ilvl="3" w:tplc="04090001" w:tentative="1"><w:start w:val="1"/><w:numFmt w:val="bullet"/><w:lvlText w:val=""/><w:lvlJc w:val="left"/><w:pPr><w:ind w:left="2880" w:hanging="360"/></w:pPr><w:rPr><w:rFonts w:ascii="Symbol" w:hAnsi="Symbol" w:hint="default"/></w:rPr></w:lvl><w:lvl w:ilvl="4" w:tplc="04090003" w:tentative="1"><w:start w:val="1"/><w:numFmt w:val="bullet"/><w:lvlText w:val="o"/><w:lvlJc w:val="left"/><w:pPr><w:ind w:left="3600" w:hanging="360"/></w:pPr><w:rPr><w:rFonts w:ascii="Courier New" w:hAnsi="Courier New" w:cs="Courier New" w:hint="default"/></w:rPr></w:lvl><w:lvl w:ilvl="5" w:tplc="04090005" w:tentative="1"><w:start w:val="1"/><w:numFmt w:val="bullet"/><w:lvlText w:val=""/><w:lvlJc w:val="left"/><w:pPr><w:ind w:left="4320" w:hanging="360"/></w:pPr><w:rPr><w:rFonts w:ascii="Wingdings" w:hAnsi="Wingdings" w:hint="default"/></w:rPr></w:lvl><w:lvl w:ilvl="6" w:tplc="04090001" w:tentative="1"><w:start w:val="1"/><w:numFmt w:val="bullet"/><w:lvlText w:val=""/><w:lvlJc w:val="left"/><w:pPr><w:ind w:left="5040" w:hanging="360"/></w:pPr><w:rPr><w:rFonts w:ascii="Symbol" w:hAnsi="Symbol" w:hint="default"/></w:rPr></w:lvl><w:lvl w:ilvl="7" w:tplc="04090003" w:tentative="1"><w:start w:val="1"/><w:numFmt w:val="bullet"/><w:lvlText w:val="o"/><w:lvlJc w:val="left"/><w:pPr><w:ind w:left="5760" w:hanging="360"/></w:pPr><w:rPr><w:rFonts w:ascii="Courier New" w:hAnsi="Courier New" w:cs="Courier New" w:hint="default"/></w:rPr></w:lvl><w:lvl w:ilvl="8" w:tplc="04090005" w:tentative="1"><w:start w:val="1"/><w:numFmt w:val="bullet"/><w:lvlText w:val=""/><w:lvlJc w:val="left"/><w:pPr><w:ind w:left="6480" w:hanging="360"/></w:pPr><w:rPr><w:rFonts w:ascii="Wingdings" w:hAnsi="Wingdings" w:hint="default"/></w:rPr></w:lvl></w:abstractNum><w:abstractNum w:abstractNumId="20" w15:restartNumberingAfterBreak="0"><w:nsid w:val="76C11F5E"/><w:multiLevelType w:val="hybridMultilevel"/><w:tmpl w:val="1A7C65E0"/><w:lvl w:ilvl="0" w:tplc="4009000B"><w:start w:val="1"/><w:numFmt w:val="bullet"/><w:lvlText w:val=""/><w:lvlJc w:val="left"/><w:pPr><w:ind w:left="720" w:hanging="360"/></w:pPr><w:rPr><w:rFonts w:ascii="Wingdings" w:hAnsi="Wingdings" w:hint="default"/></w:rPr></w:lvl><w:lvl w:ilvl="1" w:tplc="40090003" w:tentative="1"><w:start w:val="1"/><w:numFmt w:val="bullet"/><w:lvlText w:val="o"/><w:lvlJc w:val="left"/><w:pPr><w:ind w:left="1440" w:hanging="360"/></w:pPr><w:rPr><w:rFonts w:ascii="Courier New" w:hAnsi="Courier New" w:cs="Courier New" w:hint="default"/></w:rPr></w:lvl><w:lvl w:ilvl="2" w:tplc="40090005" w:tentative="1"><w:start w:val="1"/><w:numFmt w:val="bullet"/><w:lvlText w:val=""/><w:lvlJc w:val="left"/><w:pPr><w:ind w:left="2160" w:hanging="360"/></w:pPr><w:rPr><w:rFonts w:ascii="Wingdings" w:hAnsi="Wingdings" w:hint="default"/></w:rPr></w:lvl><w:lvl w:ilvl="3" w:tplc="40090001" w:tentative="1"><w:start w:val="1"/><w:numFmt w:val="bullet"/><w:lvlText w:val=""/><w:lvlJc w:val="left"/><w:pPr><w:ind w:left="2880" w:hanging="360"/></w:pPr><w:rPr><w:rFonts w:ascii="Symbol" w:hAnsi="Symbol" w:hint="default"/></w:rPr></w:lvl><w:lvl w:ilvl="4" w:tplc="40090003" w:tentative="1"><w:start w:val="1"/><w:numFmt w:val="bullet"/><w:lvlText w:val="o"/><w:lvlJc w:val="left"/><w:pPr><w:ind w:left="3600" w:hanging="360"/></w:pPr><w:rPr><w:rFonts w:ascii="Courier New" w:hAnsi="Courier New" w:cs="Courier New" w:hint="default"/></w:rPr></w:lvl><w:lvl w:ilvl="5" w:tplc="40090005" w:tentative="1"><w:start w:val="1"/><w:numFmt w:val="bullet"/><w:lvlText w:val=""/><w:lvlJc w:val="left"/><w:pPr><w:ind w:left="4320" w:hanging="360"/></w:pPr><w:rPr><w:rFonts w:ascii="Wingdings" w:hAnsi="Wingdings" w:hint="default"/></w:rPr></w:lvl><w:lvl w:ilvl="6" w:tplc="40090001" w:tentative="1"><w:start w:val="1"/><w:numFmt w:val="bullet"/><w:lvlText w:val=""/><w:lvlJc w:val="left"/><w:pPr><w:ind w:left="5040" w:hanging="360"/></w:pPr><w:rPr><w:rFonts w:ascii="Symbol" w:hAnsi="Symbol" w:hint="default"/></w:rPr></w:lvl><w:lvl w:ilvl="7" w:tplc="40090003" w:tentative="1"><w:start w:val="1"/><w:numFmt w:val="bullet"/><w:lvlText w:val="o"/><w:lvlJc w:val="left"/><w:pPr><w:ind w:left="5760" w:hanging="360"/></w:pPr><w:rPr><w:rFonts w:ascii="Courier New" w:hAnsi="Courier New" w:cs="Courier New" w:hint="default"/></w:rPr></w:lvl><w:lvl w:ilvl="8" w:tplc="40090005" w:tentative="1"><w:start w:val="1"/><w:numFmt w:val="bullet"/><w:lvlText w:val=""/><w:lvlJc w:val="left"/><w:pPr><w:ind w:left="6480" w:hanging="360"/></w:pPr><w:rPr><w:rFonts w:ascii="Wingdings" w:hAnsi="Wingdings" w:hint="default"/></w:rPr></w:lvl></w:abstractNum><w:abstractNum w:abstractNumId="21" w15:restartNumberingAfterBreak="0"><w:nsid w:val="792609A4"/><w:multiLevelType w:val="hybridMultilevel"/><w:tmpl w:val="98742EB2"/><w:lvl w:ilvl="0" w:tplc="EE562054"><w:start w:val="1"/><w:numFmt w:val="decimal"/><w:lvlText w:val="%1)"/><w:lvlJc w:val="left"/><w:pPr><w:ind w:left="785" w:hanging="360"/></w:pPr><w:rPr><w:rFonts w:hint="default"/></w:rPr></w:lvl><w:lvl w:ilvl="1" w:tplc="40090019" w:tentative="1"><w:start w:val="1"/><w:numFmt w:val="lowerLetter"/><w:lvlText w:val="%2."/><w:lvlJc w:val="left"/><w:pPr><w:ind w:left="1505" w:hanging="360"/></w:pPr></w:lvl><w:lvl w:ilvl="2" w:tplc="4009001B" w:tentative="1"><w:start w:val="1"/><w:numFmt w:val="lowerRoman"/><w:lvlText w:val="%3."/><w:lvlJc w:val="right"/><w:pPr><w:ind w:left="2225" w:hanging="180"/></w:pPr></w:lvl><w:lvl w:ilvl="3" w:tplc="4009000F" w:tentative="1"><w:start w:val="1"/><w:numFmt w:val="decimal"/><w:lvlText w:val="%4."/><w:lvlJc w:val="left"/><w:pPr><w:ind w:left="2945" w:hanging="360"/></w:pPr></w:lvl><w:lvl w:ilvl="4" w:tplc="40090019" w:tentative="1"><w:start w:val="1"/><w:numFmt w:val="lowerLetter"/><w:lvlText w:val="%5."/><w:lvlJc w:val="left"/><w:pPr><w:ind w:left="3665" w:hanging="360"/></w:pPr></w:lvl><w:lvl w:ilvl="5" w:tplc="4009001B" w:tentative="1"><w:start w:val="1"/><w:numFmt w:val="lowerRoman"/><w:lvlText w:val="%6."/><w:lvlJc w:val="right"/><w:pPr><w:ind w:left="4385" w:hanging="180"/></w:pPr></w:lvl><w:lvl w:ilvl="6" w:tplc="4009000F" w:tentative="1"><w:start w:val="1"/><w:numFmt w:val="decimal"/><w:lvlText w:val="%7."/><w:lvlJc w:val="left"/><w:pPr><w:ind w:left="5105" w:hanging="360"/></w:pPr></w:lvl><w:lvl w:ilvl="7" w:tplc="40090019" w:tentative="1"><w:start w:val="1"/><w:numFmt w:val="lowerLetter"/><w:lvlText w:val="%8."/><w:lvlJc w:val="left"/><w:pPr><w:ind w:left="5825" w:hanging="360"/></w:pPr></w:lvl><w:lvl w:ilvl="8" w:tplc="4009001B" w:tentative="1"><w:start w:val="1"/><w:numFmt w:val="lowerRoman"/><w:lvlText w:val="%9."/><w:lvlJc w:val="right"/><w:pPr><w:ind w:left="6545" w:hanging="180"/></w:pPr></w:lvl></w:abstractNum><w:abstractNum w:abstractNumId="22" w15:restartNumberingAfterBreak="0"><w:nsid w:val="7B361CA0"/><w:multiLevelType w:val="hybridMultilevel"/><w:tmpl w:val="B4BADC10"/><w:lvl w:ilvl="0" w:tplc="04090001"><w:start w:val="1"/><w:numFmt w:val="bullet"/><w:lvlText w:val=""/><w:lvlJc w:val="left"/><w:pPr><w:ind w:left="720" w:hanging="360"/></w:pPr><w:rPr><w:rFonts w:ascii="Symbol" w:hAnsi="Symbol" w:hint="default"/></w:rPr></w:lvl><w:lvl w:ilvl="1" w:tplc="40090003" w:tentative="1"><w:start w:val="1"/><w:numFmt w:val="bullet"/><w:lvlText w:val="o"/><w:lvlJc w:val="left"/><w:pPr><w:ind w:left="1440" w:hanging="360"/></w:pPr><w:rPr><w:rFonts w:ascii="Courier New" w:hAnsi="Courier New" w:cs="Courier New" w:hint="default"/></w:rPr></w:lvl><w:lvl w:ilvl="2" w:tplc="40090005" w:tentative="1"><w:start w:val="1"/><w:numFmt w:val="bullet"/><w:lvlText w:val=""/><w:lvlJc w:val="left"/><w:pPr><w:ind w:left="2160" w:hanging="360"/></w:pPr><w:rPr><w:rFonts w:ascii="Wingdings" w:hAnsi="Wingdings" w:hint="default"/></w:rPr></w:lvl><w:lvl w:ilvl="3" w:tplc="40090001" w:tentative="1"><w:start w:val="1"/><w:numFmt w:val="bullet"/><w:lvlText w:val=""/><w:lvlJc w:val="left"/><w:pPr><w:ind w:left="2880" w:hanging="360"/></w:pPr><w:rPr><w:rFonts w:ascii="Symbol" w:hAnsi="Symbol" w:hint="default"/></w:rPr></w:lvl><w:lvl w:ilvl="4" w:tplc="40090003" w:tentative="1"><w:start w:val="1"/><w:numFmt w:val="bullet"/><w:lvlText w:val="o"/><w:lvlJc w:val="left"/><w:pPr><w:ind w:left="3600" w:hanging="360"/></w:pPr><w:rPr><w:rFonts w:ascii="Courier New" w:hAnsi="Courier New" w:cs="Courier New" w:hint="default"/></w:rPr></w:lvl><w:lvl w:ilvl="5" w:tplc="40090005" w:tentative="1"><w:start w:val="1"/><w:numFmt w:val="bullet"/><w:lvlText w:val=""/><w:lvlJc w:val="left"/><w:pPr><w:ind w:left="4320" w:hanging="360"/></w:pPr><w:rPr><w:rFonts w:ascii="Wingdings" w:hAnsi="Wingdings" w:hint="default"/></w:rPr></w:lvl><w:lvl w:ilvl="6" w:tplc="40090001" w:tentative="1"><w:start w:val="1"/><w:numFmt w:val="bullet"/><w:lvlText w:val=""/><w:lvlJc w:val="left"/><w:pPr><w:ind w:left="5040" w:hanging="360"/></w:pPr><w:rPr><w:rFonts w:ascii="Symbol" w:hAnsi="Symbol" w:hint="default"/></w:rPr></w:lvl><w:lvl w:ilvl="7" w:tplc="40090003" w:tentative="1"><w:start w:val="1"/><w:numFmt w:val="bullet"/><w:lvlText w:val="o"/><w:lvlJc w:val="left"/><w:pPr><w:ind w:left="5760" w:hanging="360"/></w:pPr><w:rPr><w:rFonts w:ascii="Courier New" w:hAnsi="Courier New" w:cs="Courier New" w:hint="default"/></w:rPr></w:lvl><w:lvl w:ilvl="8" w:tplc="40090005" w:tentative="1"><w:start w:val="1"/><w:numFmt w:val="bullet"/><w:lvlText w:val=""/><w:lvlJc w:val="left"/><w:pPr><w:ind w:left="6480" w:hanging="360"/></w:pPr><w:rPr><w:rFonts w:ascii="Wingdings" w:hAnsi="Wingdings" w:hint="default"/></w:rPr></w:lvl></w:abstractNum><w:num w:numId="1" w16cid:durableId="2026250857"><w:abstractNumId w:val="3"/></w:num><w:num w:numId="2" w16cid:durableId="1561672732"><w:abstractNumId w:val="5"/></w:num><w:num w:numId="3" w16cid:durableId="93325763"><w:abstractNumId w:val="0"/></w:num><w:num w:numId="4" w16cid:durableId="2102749172"><w:abstractNumId w:val="1"/></w:num><w:num w:numId="5" w16cid:durableId="1935943417"><w:abstractNumId w:val="2"/></w:num><w:num w:numId="6" w16cid:durableId="2705319"><w:abstractNumId w:val="4"/></w:num><w:num w:numId="7" w16cid:durableId="507713147"><w:abstractNumId w:val="8"/></w:num><w:num w:numId="8" w16cid:durableId="402219409"><w:abstractNumId w:val="6"/></w:num><w:num w:numId="9" w16cid:durableId="1305155806"><w:abstractNumId w:val="19"/></w:num><w:num w:numId="10" w16cid:durableId="546650665"><w:abstractNumId w:val="11"/></w:num><w:num w:numId="11" w16cid:durableId="1563366404"><w:abstractNumId w:val="9"/></w:num><w:num w:numId="12" w16cid:durableId="840390925"><w:abstractNumId w:val="17"/></w:num><w:num w:numId="13" w16cid:durableId="2141261157"><w:abstractNumId w:val="22"/></w:num><w:num w:numId="14" w16cid:durableId="238558366"><w:abstractNumId w:val="12"/></w:num><w:num w:numId="15" w16cid:durableId="30032255"><w:abstractNumId w:val="13"/></w:num><w:num w:numId="16" w16cid:durableId="1451557218"><w:abstractNumId w:val="7"/></w:num><w:num w:numId="17" w16cid:durableId="403336173"><w:abstractNumId w:val="10"/></w:num><w:num w:numId="18" w16cid:durableId="1319578215"><w:abstractNumId w:val="16"/></w:num><w:num w:numId="19" w16cid:durableId="1883975706"><w:abstractNumId w:val="15"/></w:num><w:num w:numId="20" w16cid:durableId="1100678888"><w:abstractNumId w:val="20"/></w:num><w:num w:numId="21" w16cid:durableId="1512912334"><w:abstractNumId w:val="18"/></w:num><w:num w:numId="22" w16cid:durableId="870798424"><w:abstractNumId w:val="21"/></w:num><w:num w:numId="23" w16cid:durableId="1191990877"><w:abstractNumId w:val="14"/></w:num><w:numIdMacAtCleanup w:val="17"/></w:numbering>