<?xml version="1.0" encoding="UTF-8" standalone="yes"?>
<Properties xmlns="http://schemas.openxmlformats.org/officeDocument/2006/extended-properties" xmlns:vt="http://schemas.openxmlformats.org/officeDocument/2006/docPropsVTypes"><Template>Normal</Template><TotalTime>350</TotalTime><Pages>14</Pages><Words>1415</Words><Characters>8070</Characters><Application>Microsoft Office Word</Application><DocSecurity>0</DocSecurity><Lines>67</Lines><Paragraphs>18</Paragraphs><ScaleCrop>false</ScaleCrop><HeadingPairs><vt:vector size="2" baseType="variant"><vt:variant><vt:lpstr>Title</vt:lpstr></vt:variant><vt:variant><vt:i4>1</vt:i4></vt:variant></vt:vector></HeadingPairs><TitlesOfParts><vt:vector size="1" baseType="lpstr"><vt:lpstr></vt:lpstr></vt:vector></TitlesOfParts><Company></Company><LinksUpToDate>false</LinksUpToDate><CharactersWithSpaces>9467</CharactersWithSpaces><SharedDoc>false</SharedDoc><HyperlinksChanged>false</HyperlinksChanged><AppVersion>16.0000</AppVersion></Properties>