<?xml version="1.0" encoding="UTF-8" standalone="yes"?>
<cp:coreProperties xmlns:cp="http://schemas.openxmlformats.org/package/2006/metadata/core-properties" xmlns:dc="http://purl.org/dc/elements/1.1/" xmlns:dcterms="http://purl.org/dc/terms/" xmlns:dcmitype="http://purl.org/dc/dcmitype/" xmlns:xsi="http://www.w3.org/2001/XMLSchema-instance"><dc:title></dc:title><dc:creator>om_sai_ram</dc:creator><cp:lastModifiedBy>Nikita Dhumal</cp:lastModifiedBy><cp:revision>14</cp:revision><cp:lastPrinted>2023-05-09T15:44:00Z</cp:lastPrinted><dcterms:created xsi:type="dcterms:W3CDTF">2023-04-25T10:18:00Z</dcterms:created><dcterms:modified xsi:type="dcterms:W3CDTF">2023-05-09T15:46:00Z</dcterms:modified></cp:coreProperties>