<?xml version="1.0" encoding="UTF-8" standalone="yes"?>
<p:sld xmlns:a="http://schemas.openxmlformats.org/drawingml/2006/main" xmlns:r="http://schemas.openxmlformats.org/officeDocument/2006/relationships" xmlns:p="http://schemas.openxmlformats.org/presentationml/2006/main"><p:cSld><p:bg><p:bgPr><a:solidFill><a:schemeClr val="bg1"/></a:solidFill><a:effectLst/></p:bgPr></p:bg><p:spTree><p:nvGrpSpPr><p:cNvPr id="1" name=""/><p:cNvGrpSpPr/><p:nvPr/></p:nvGrpSpPr><p:grpSpPr><a:xfrm><a:off x="0" y="0"/><a:ext cx="0" cy="0"/><a:chOff x="0" y="0"/><a:chExt cx="0" cy="0"/></a:xfrm></p:grpSpPr><p:sp useBgFill="1"><p:nvSpPr><p:cNvPr id="7" name="Rectangle 6"><a:extLst><a:ext uri="{FF2B5EF4-FFF2-40B4-BE49-F238E27FC236}"><a16:creationId xmlns:a16="http://schemas.microsoft.com/office/drawing/2014/main" id="{5463EB0A-3D7C-4AA5-BFA5-8EE5B4BA5624}"/></a:ext><a:ext uri="{C183D7F6-B498-43B3-948B-1728B52AA6E4}"><adec:decorative xmlns:adec="http://schemas.microsoft.com/office/drawing/2017/decorative" val="1"/></a:ext></a:extLst></p:cNvPr><p:cNvSpPr><a:spLocks noGrp="1" noRot="1" noChangeAspect="1" noMove="1" noResize="1" noEditPoints="1" noAdjustHandles="1" noChangeArrowheads="1" noChangeShapeType="1" noTextEdit="1"/></p:cNvSpPr><p:nvPr><p:extLst><p:ext uri="{386F3935-93C4-4BCD-93E2-E3B085C9AB24}"><p16:designElem xmlns:p16="http://schemas.microsoft.com/office/powerpoint/2015/main" val="1"/></p:ext></p:extLst></p:nvPr></p:nvSpPr><p:spPr><a:xfrm><a:off x="0" y="0"/><a:ext cx="12192000" cy="6858000"/></a:xfrm><a:prstGeom prst="rect"><a:avLst/></a:prstGeom><a:ln><a:noFill/></a:ln></p:spPr><p:style><a:lnRef idx="2"><a:schemeClr val="accent1"><a:shade val="50000"/></a:schemeClr></a:lnRef><a:fillRef idx="1"><a:schemeClr val="accent1"/></a:fillRef><a:effectRef idx="0"><a:schemeClr val="accent1"/></a:effectRef><a:fontRef idx="minor"><a:schemeClr val="lt1"/></a:fontRef></p:style><p:txBody><a:bodyPr rtlCol="0" anchor="ctr"/><a:lstStyle/><a:p><a:pPr algn="ctr"/><a:endParaRPr lang="en-US"/></a:p></p:txBody></p:sp><p:sp><p:nvSpPr><p:cNvPr id="2" name="Title 1"><a:extLst><a:ext uri="{FF2B5EF4-FFF2-40B4-BE49-F238E27FC236}"><a16:creationId xmlns:a16="http://schemas.microsoft.com/office/drawing/2014/main" id="{87DFAE86-20ED-6AB0-E37D-579968DAE655}"/></a:ext></a:extLst></p:cNvPr><p:cNvSpPr><a:spLocks noGrp="1"/></p:cNvSpPr><p:nvPr><p:ph type="title"/></p:nvPr></p:nvSpPr><p:spPr><a:xfrm><a:off x="578651" y="1122363"/><a:ext cx="11034695" cy="3174690"/></a:xfrm></p:spPr><p:txBody><a:bodyPr vert="horz" lIns="91440" tIns="45720" rIns="91440" bIns="45720" rtlCol="0" anchor="b"><a:normAutofit/></a:bodyPr><a:lstStyle/><a:p><a:r><a:rPr lang="en-US" sz="8000" kern="1200"><a:solidFill><a:schemeClr val="tx1"/></a:solidFill><a:latin typeface="+mj-lt"/><a:ea typeface="+mj-ea"/><a:cs typeface="+mj-cs"/></a:rPr><a:t>Thank You</a:t></a:r></a:p></p:txBody></p:sp><p:sp><p:nvSpPr><p:cNvPr id="9" name="Rectangle 8"><a:extLst><a:ext uri="{FF2B5EF4-FFF2-40B4-BE49-F238E27FC236}"><a16:creationId xmlns:a16="http://schemas.microsoft.com/office/drawing/2014/main" id="{7945AD00-F967-454D-A4B2-39ABA5C88C20}"/></a:ext><a:ext uri="{C183D7F6-B498-43B3-948B-1728B52AA6E4}"><adec:decorative xmlns:adec="http://schemas.microsoft.com/office/drawing/2017/decorative" val="1"/></a:ext></a:extLst></p:cNvPr><p:cNvSpPr><a:spLocks noGrp="1" noRot="1" noChangeAspect="1" noMove="1" noResize="1" noEditPoints="1" noAdjustHandles="1" noChangeArrowheads="1" noChangeShapeType="1" noTextEdit="1"/></p:cNvSpPr><p:nvPr><p:extLst><p:ext uri="{386F3935-93C4-4BCD-93E2-E3B085C9AB24}"><p16:designElem xmlns:p16="http://schemas.microsoft.com/office/powerpoint/2015/main" val="1"/></p:ext></p:extLst></p:nvPr></p:nvSpPr><p:spPr><a:xfrm rot="5400000"><a:off x="857544" y="346791"/><a:ext cx="146304" cy="704088"/></a:xfrm><a:prstGeom prst="rect"><a:avLst/></a:prstGeom><a:solidFill><a:schemeClr val="accent2"/></a:solidFill><a:ln><a:noFill/></a:ln></p:spPr><p:style><a:lnRef idx="2"><a:schemeClr val="accent1"><a:shade val="50000"/></a:schemeClr></a:lnRef><a:fillRef idx="1"><a:schemeClr val="accent1"/></a:fillRef><a:effectRef idx="0"><a:schemeClr val="accent1"/></a:effectRef><a:fontRef idx="minor"><a:schemeClr val="lt1"/></a:fontRef></p:style><p:txBody><a:bodyPr rtlCol="0" anchor="ctr"/><a:lstStyle/><a:p><a:pPr marL="0" marR="0" lvl="0" indent="0" algn="ctr" defTabSz="914400" rtl="0" eaLnBrk="1" fontAlgn="auto" latinLnBrk="0" hangingPunct="1"><a:lnSpc><a:spcPct val="100000"/></a:lnSpc><a:spcBef><a:spcPts val="0"/></a:spcBef><a:spcAft><a:spcPts val="0"/></a:spcAft><a:buClrTx/><a:buSzTx/><a:buFontTx/><a:buNone/><a:tabLst/><a:defRPr/></a:pPr><a:endParaRPr kumimoji="0" lang="en-US" sz="1800" b="0" i="0" u="none" strike="noStrike" kern="1200" cap="none" spc="0" normalizeH="0" baseline="0" noProof="0"><a:ln><a:noFill/></a:ln><a:solidFill><a:prstClr val="white"/></a:solidFill><a:effectLst/><a:uLnTx/><a:uFillTx/><a:latin typeface="Calibri" panose="020F0502020204030204"/><a:ea typeface="+mn-ea"/><a:cs typeface="+mn-cs"/></a:endParaRPr></a:p></p:txBody></p:sp><p:sp><p:nvSpPr><p:cNvPr id="11" name="Rectangle 10"><a:extLst><a:ext uri="{FF2B5EF4-FFF2-40B4-BE49-F238E27FC236}"><a16:creationId xmlns:a16="http://schemas.microsoft.com/office/drawing/2014/main" id="{E9BC5B79-B912-427C-8219-E3E50943FCDE}"/></a:ext><a:ext uri="{C183D7F6-B498-43B3-948B-1728B52AA6E4}"><adec:decorative xmlns:adec="http://schemas.microsoft.com/office/drawing/2017/decorative" val="1"/></a:ext></a:extLst></p:cNvPr><p:cNvSpPr><a:spLocks noGrp="1" noRot="1" noChangeAspect="1" noMove="1" noResize="1" noEditPoints="1" noAdjustHandles="1" noChangeArrowheads="1" noChangeShapeType="1" noTextEdit="1"/></p:cNvSpPr><p:nvPr><p:extLst><p:ext uri="{386F3935-93C4-4BCD-93E2-E3B085C9AB24}"><p16:designElem xmlns:p16="http://schemas.microsoft.com/office/powerpoint/2015/main" val="1"/></p:ext></p:extLst></p:nvPr></p:nvSpPr><p:spPr><a:xfrm flipV="1"><a:off x="578652" y="4501201"/><a:ext cx="11034696" cy="18288"/></a:xfrm><a:prstGeom prst="rect"><a:avLst/></a:prstGeom><a:solidFill><a:srgbClr val="D5D5D5"/></a:solidFill><a:ln w="3175"><a:noFill/></a:ln><a:effectLst/></p:spPr><p:style><a:lnRef idx="2"><a:schemeClr val="accent1"><a:shade val="50000"/></a:schemeClr></a:lnRef><a:fillRef idx="1"><a:schemeClr val="accent1"/></a:fillRef><a:effectRef idx="0"><a:schemeClr val="accent1"/></a:effectRef><a:fontRef idx="minor"><a:schemeClr val="lt1"/></a:fontRef></p:style><p:txBody><a:bodyPr rtlCol="0" anchor="ctr"/><a:lstStyle/><a:p><a:pPr algn="ctr"/><a:endParaRPr lang="en-US"><a:solidFill><a:prstClr val="white"/></a:solidFill><a:latin typeface="Calibri" panose="020F0502020204030204"/></a:endParaRPr></a:p></p:txBody></p:sp></p:spTree><p:extLst><p:ext uri="{BB962C8B-B14F-4D97-AF65-F5344CB8AC3E}"><p14:creationId xmlns:p14="http://schemas.microsoft.com/office/powerpoint/2010/main" val="3704604839"/></p:ext></p:extLst></p:cSld><p:clrMapOvr><a:masterClrMapping/></p:clrMapOvr></p:sld>