<?xml version="1.0" encoding="UTF-8" standalone="yes"?>
<p:sld xmlns:a="http://schemas.openxmlformats.org/drawingml/2006/main" xmlns:r="http://schemas.openxmlformats.org/officeDocument/2006/relationships" xmlns:p="http://schemas.openxmlformats.org/presentationml/2006/main"><p:cSld><p:bg><p:bgPr><a:solidFill><a:schemeClr val="bg1"/></a:solidFill><a:effectLst/></p:bgPr></p:bg><p:spTree><p:nvGrpSpPr><p:cNvPr id="1" name=""/><p:cNvGrpSpPr/><p:nvPr/></p:nvGrpSpPr><p:grpSpPr><a:xfrm><a:off x="0" y="0"/><a:ext cx="0" cy="0"/><a:chOff x="0" y="0"/><a:chExt cx="0" cy="0"/></a:xfrm></p:grpSpPr><p:sp useBgFill="1"><p:nvSpPr><p:cNvPr id="8" name="Rectangle 7"><a:extLst><a:ext uri="{FF2B5EF4-FFF2-40B4-BE49-F238E27FC236}"><a16:creationId xmlns:a16="http://schemas.microsoft.com/office/drawing/2014/main" id="{DAF1966E-FD40-4A4A-B61B-C4DF7FA05F06}"/></a:ext><a:ext uri="{C183D7F6-B498-43B3-948B-1728B52AA6E4}"><adec:decorative xmlns:adec="http://schemas.microsoft.com/office/drawing/2017/decorative" val="1"/></a:ext></a:extLst></p:cNvPr><p:cNvSpPr><a:spLocks noGrp="1" noRot="1" noChangeAspect="1" noMove="1" noResize="1" noEditPoints="1" noAdjustHandles="1" noChangeArrowheads="1" noChangeShapeType="1" noTextEdit="1"/></p:cNvSpPr><p:nvPr><p:extLst><p:ext uri="{386F3935-93C4-4BCD-93E2-E3B085C9AB24}"><p16:designElem xmlns:p16="http://schemas.microsoft.com/office/powerpoint/2015/main" val="1"/></p:ext></p:extLst></p:nvPr></p:nvSpPr><p:spPr><a:xfrm><a:off x="0" y="0"/><a:ext cx="12192000" cy="6858000"/></a:xfrm><a:prstGeom prst="rect"><a:avLst/></a:prstGeom><a:ln><a:noFill/></a:ln></p:spPr><p:style><a:lnRef idx="2"><a:schemeClr val="accent1"><a:shade val="50000"/></a:schemeClr></a:lnRef><a:fillRef idx="1"><a:schemeClr val="accent1"/></a:fillRef><a:effectRef idx="0"><a:schemeClr val="accent1"/></a:effectRef><a:fontRef idx="minor"><a:schemeClr val="lt1"/></a:fontRef></p:style><p:txBody><a:bodyPr rtlCol="0" anchor="ctr"/><a:lstStyle/><a:p><a:pPr algn="ctr"/><a:endParaRPr lang="en-US"/></a:p></p:txBody></p:sp><p:sp useBgFill="1"><p:nvSpPr><p:cNvPr id="10" name="Rectangle 9"><a:extLst><a:ext uri="{FF2B5EF4-FFF2-40B4-BE49-F238E27FC236}"><a16:creationId xmlns:a16="http://schemas.microsoft.com/office/drawing/2014/main" id="{047BFA19-D45E-416B-A404-7AF2F3F27017}"/></a:ext><a:ext uri="{C183D7F6-B498-43B3-948B-1728B52AA6E4}"><adec:decorative xmlns:adec="http://schemas.microsoft.com/office/drawing/2017/decorative" val="1"/></a:ext></a:extLst></p:cNvPr><p:cNvSpPr><a:spLocks noGrp="1" noRot="1" noChangeAspect="1" noMove="1" noResize="1" noEditPoints="1" noAdjustHandles="1" noChangeArrowheads="1" noChangeShapeType="1" noTextEdit="1"/></p:cNvSpPr><p:nvPr><p:extLst><p:ext uri="{386F3935-93C4-4BCD-93E2-E3B085C9AB24}"><p16:designElem xmlns:p16="http://schemas.microsoft.com/office/powerpoint/2015/main" val="1"/></p:ext></p:extLst></p:nvPr></p:nvSpPr><p:spPr><a:xfrm><a:off x="558209" y="0"/><a:ext cx="11167447" cy="2018806"/></a:xfrm><a:prstGeom prst="rect"><a:avLst/></a:prstGeom><a:ln w="9525"><a:solidFill><a:srgbClr val="E1E1E1"/></a:solidFill></a:ln><a:effectLst><a:outerShdw blurRad="50800" dist="38100" dir="2700000" algn="tl" rotWithShape="0"><a:schemeClr val="bg1"><a:lumMod val="85000"/><a:alpha val="50000"/></a:schemeClr></a:outerShdw></a:effectLst></p:spPr><p:style><a:lnRef idx="2"><a:schemeClr val="accent1"><a:shade val="50000"/></a:schemeClr></a:lnRef><a:fillRef idx="1"><a:schemeClr val="accent1"/></a:fillRef><a:effectRef idx="0"><a:schemeClr val="accent1"/></a:effectRef><a:fontRef idx="minor"><a:schemeClr val="lt1"/></a:fontRef></p:style><p:txBody><a:bodyPr rtlCol="0" anchor="ctr"/><a:lstStyle/><a:p><a:pPr marL="0" marR="0" lvl="0" indent="0" algn="ctr" defTabSz="914400" rtl="0" eaLnBrk="1" fontAlgn="auto" latinLnBrk="0" hangingPunct="1"><a:lnSpc><a:spcPct val="100000"/></a:lnSpc><a:spcBef><a:spcPts val="0"/></a:spcBef><a:spcAft><a:spcPts val="0"/></a:spcAft><a:buClrTx/><a:buSzTx/><a:buFontTx/><a:buNone/><a:tabLst/><a:defRPr/></a:pPr><a:endParaRPr kumimoji="0" lang="en-US" sz="1800" b="0" i="0" u="none" strike="noStrike" kern="1200" cap="none" spc="0" normalizeH="0" baseline="0" noProof="0"><a:ln><a:noFill/></a:ln><a:solidFill><a:prstClr val="white"/></a:solidFill><a:effectLst/><a:uLnTx/><a:uFillTx/><a:latin typeface="Calibri" panose="020F0502020204030204"/><a:ea typeface="+mn-ea"/><a:cs typeface="+mn-cs"/></a:endParaRPr></a:p></p:txBody></p:sp><p:sp useBgFill="1"><p:nvSpPr><p:cNvPr id="12" name="Rectangle 11"><a:extLst><a:ext uri="{FF2B5EF4-FFF2-40B4-BE49-F238E27FC236}"><a16:creationId xmlns:a16="http://schemas.microsoft.com/office/drawing/2014/main" id="{8E0105E7-23DB-4CF2-8258-FF47C7620F6E}"/></a:ext><a:ext uri="{C183D7F6-B498-43B3-948B-1728B52AA6E4}"><adec:decorative xmlns:adec="http://schemas.microsoft.com/office/drawing/2017/decorative" val="1"/></a:ext></a:extLst></p:cNvPr><p:cNvSpPr><a:spLocks noGrp="1" noRot="1" noChangeAspect="1" noMove="1" noResize="1" noEditPoints="1" noAdjustHandles="1" noChangeArrowheads="1" noChangeShapeType="1" noTextEdit="1"/></p:cNvSpPr><p:nvPr><p:extLst><p:ext uri="{386F3935-93C4-4BCD-93E2-E3B085C9AB24}"><p16:designElem xmlns:p16="http://schemas.microsoft.com/office/powerpoint/2015/main" val="1"/></p:ext></p:extLst></p:nvPr></p:nvSpPr><p:spPr><a:xfrm><a:off x="566928" y="0"/><a:ext cx="11155680" cy="2011680"/></a:xfrm><a:prstGeom prst="rect"><a:avLst/></a:prstGeom><a:ln w="9525"><a:noFill/></a:ln><a:effectLst/></p:spPr><p:style><a:lnRef idx="2"><a:schemeClr val="accent1"><a:shade val="50000"/></a:schemeClr></a:lnRef><a:fillRef idx="1"><a:schemeClr val="accent1"/></a:fillRef><a:effectRef idx="0"><a:schemeClr val="accent1"/></a:effectRef><a:fontRef idx="minor"><a:schemeClr val="lt1"/></a:fontRef></p:style><p:txBody><a:bodyPr rtlCol="0" anchor="ctr"/><a:lstStyle/><a:p><a:pPr marL="0" marR="0" lvl="0" indent="0" algn="ctr" defTabSz="914400" rtl="0" eaLnBrk="1" fontAlgn="auto" latinLnBrk="0" hangingPunct="1"><a:lnSpc><a:spcPct val="100000"/></a:lnSpc><a:spcBef><a:spcPts val="0"/></a:spcBef><a:spcAft><a:spcPts val="0"/></a:spcAft><a:buClrTx/><a:buSzTx/><a:buFontTx/><a:buNone/><a:tabLst/><a:defRPr/></a:pPr><a:endParaRPr kumimoji="0" lang="en-US" sz="1800" b="0" i="0" u="none" strike="noStrike" kern="1200" cap="none" spc="0" normalizeH="0" baseline="0" noProof="0"><a:ln><a:noFill/></a:ln><a:solidFill><a:prstClr val="white"/></a:solidFill><a:effectLst/><a:uLnTx/><a:uFillTx/><a:latin typeface="Calibri" panose="020F0502020204030204"/><a:ea typeface="+mn-ea"/><a:cs typeface="+mn-cs"/></a:endParaRPr></a:p></p:txBody></p:sp><p:sp><p:nvSpPr><p:cNvPr id="2" name="Title 1"><a:extLst><a:ext uri="{FF2B5EF4-FFF2-40B4-BE49-F238E27FC236}"><a16:creationId xmlns:a16="http://schemas.microsoft.com/office/drawing/2014/main" id="{232C39E6-FA2B-EA34-CE4B-FF6A18C17C98}"/></a:ext></a:extLst></p:cNvPr><p:cNvSpPr><a:spLocks noGrp="1"/></p:cNvSpPr><p:nvPr><p:ph type="title"/></p:nvPr></p:nvSpPr><p:spPr><a:xfrm><a:off x="1115568" y="548640"/><a:ext cx="10168128" cy="1179576"/></a:xfrm></p:spPr><p:txBody><a:bodyPr><a:normAutofit/></a:bodyPr><a:lstStyle/><a:p><a:r><a:rPr lang="en-US" sz="4000" dirty="0"/><a:t>Purpose </a:t></a:r></a:p></p:txBody></p:sp><p:sp><p:nvSpPr><p:cNvPr id="14" name="Rectangle 13"><a:extLst><a:ext uri="{FF2B5EF4-FFF2-40B4-BE49-F238E27FC236}"><a16:creationId xmlns:a16="http://schemas.microsoft.com/office/drawing/2014/main" id="{074B4F7D-14B2-478B-8BF5-01E4E0C5D263}"/></a:ext><a:ext uri="{C183D7F6-B498-43B3-948B-1728B52AA6E4}"><adec:decorative xmlns:adec="http://schemas.microsoft.com/office/drawing/2017/decorative" val="1"/></a:ext></a:extLst></p:cNvPr><p:cNvSpPr><a:spLocks noGrp="1" noRot="1" noChangeAspect="1" noMove="1" noResize="1" noEditPoints="1" noAdjustHandles="1" noChangeArrowheads="1" noChangeShapeType="1" noTextEdit="1"/></p:cNvSpPr><p:nvPr><p:extLst><p:ext uri="{386F3935-93C4-4BCD-93E2-E3B085C9AB24}"><p16:designElem xmlns:p16="http://schemas.microsoft.com/office/powerpoint/2015/main" val="1"/></p:ext></p:extLst></p:nvPr></p:nvSpPr><p:spPr><a:xfrm><a:off x="498834" y="758952"/><a:ext cx="128016" cy="704088"/></a:xfrm><a:prstGeom prst="rect"><a:avLst/></a:prstGeom><a:solidFill><a:schemeClr val="accent2"/></a:solidFill><a:ln><a:noFill/></a:ln></p:spPr><p:style><a:lnRef idx="2"><a:schemeClr val="accent1"><a:shade val="50000"/></a:schemeClr></a:lnRef><a:fillRef idx="1"><a:schemeClr val="accent1"/></a:fillRef><a:effectRef idx="0"><a:schemeClr val="accent1"/></a:effectRef><a:fontRef idx="minor"><a:schemeClr val="lt1"/></a:fontRef></p:style><p:txBody><a:bodyPr rtlCol="0" anchor="ctr"/><a:lstStyle/><a:p><a:pPr algn="ctr"/><a:endParaRPr lang="en-US"><a:solidFill><a:prstClr val="white"/></a:solidFill><a:latin typeface="Calibri" panose="020F0502020204030204"/></a:endParaRPr></a:p></p:txBody></p:sp><p:sp><p:nvSpPr><p:cNvPr id="3" name="Content Placeholder 2"><a:extLst><a:ext uri="{FF2B5EF4-FFF2-40B4-BE49-F238E27FC236}"><a16:creationId xmlns:a16="http://schemas.microsoft.com/office/drawing/2014/main" id="{B3FA952A-2483-B852-2076-CB309EC66DA5}"/></a:ext></a:extLst></p:cNvPr><p:cNvSpPr><a:spLocks noGrp="1"/></p:cNvSpPr><p:nvPr><p:ph idx="1"/></p:nvPr></p:nvSpPr><p:spPr><a:xfrm><a:off x="1115568" y="2481943"/><a:ext cx="10168128" cy="3695020"/></a:xfrm></p:spPr><p:txBody><a:bodyPr vert="horz" lIns="91440" tIns="45720" rIns="91440" bIns="45720" rtlCol="0" anchor="t"><a:normAutofit lnSpcReduction="10000"/></a:bodyPr><a:lstStyle/><a:p><a:pPr marL="0" indent="0"><a:buNone/></a:pPr><a:r><a:rPr lang="en-US" sz="2400" dirty="0"><a:latin typeface="Roboto" panose="02000000000000000000" pitchFamily="2" charset="0"/><a:ea typeface="Roboto" panose="02000000000000000000" pitchFamily="2" charset="0"/><a:cs typeface="Roboto" panose="02000000000000000000" pitchFamily="2" charset="0"/></a:rPr><a:t>This portal is open to public and end user or customer can come here and browse the desired news.</a:t></a:r></a:p><a:p><a:pPr marL="0" indent="0"><a:buNone/></a:pPr><a:endParaRPr lang="en-US" sz="2400" dirty="0"><a:latin typeface="Roboto" panose="02000000000000000000" pitchFamily="2" charset="0"/><a:ea typeface="Roboto" panose="02000000000000000000" pitchFamily="2" charset="0"/><a:cs typeface="Roboto" panose="02000000000000000000" pitchFamily="2" charset="0"/></a:endParaRPr></a:p><a:p><a:pPr marL="0" indent="0"><a:buNone/></a:pPr><a:r><a:rPr lang="en-US" sz="2400" dirty="0"><a:latin typeface="Roboto" panose="02000000000000000000" pitchFamily="2" charset="0"/><a:ea typeface="Roboto" panose="02000000000000000000" pitchFamily="2" charset="0"/><a:cs typeface="Roboto" panose="02000000000000000000" pitchFamily="2" charset="0"/></a:rPr><a:t>You don’t have to wait for newspaper in morning.</a:t></a:r></a:p><a:p><a:pPr marL="0" indent="0"><a:buNone/></a:pPr><a:endParaRPr lang="en-US" sz="2400" dirty="0"><a:latin typeface="Roboto" panose="02000000000000000000" pitchFamily="2" charset="0"/><a:ea typeface="Roboto" panose="02000000000000000000" pitchFamily="2" charset="0"/><a:cs typeface="Roboto" panose="02000000000000000000" pitchFamily="2" charset="0"/></a:endParaRPr></a:p><a:p><a:pPr marL="0" indent="0"><a:buNone/></a:pPr><a:r><a:rPr lang="en-US" sz="2400" dirty="0"><a:latin typeface="Roboto" panose="02000000000000000000" pitchFamily="2" charset="0"/><a:ea typeface="Roboto" panose="02000000000000000000" pitchFamily="2" charset="0"/><a:cs typeface="Roboto" panose="02000000000000000000" pitchFamily="2" charset="0"/></a:rPr><a:t>Any time any news related to different fields will be available.</a:t></a:r></a:p><a:p><a:pPr marL="0" indent="0"><a:buNone/></a:pPr><a:endParaRPr lang="en-US" sz="2400" dirty="0"><a:latin typeface="Roboto" panose="02000000000000000000" pitchFamily="2" charset="0"/><a:ea typeface="Roboto" panose="02000000000000000000" pitchFamily="2" charset="0"/><a:cs typeface="Roboto" panose="02000000000000000000" pitchFamily="2" charset="0"/></a:endParaRPr></a:p><a:p><a:pPr marL="0" indent="0"><a:buNone/></a:pPr><a:r><a:rPr lang="en-US" sz="2400" dirty="0"><a:latin typeface="Roboto" panose="02000000000000000000" pitchFamily="2" charset="0"/><a:ea typeface="Roboto" panose="02000000000000000000" pitchFamily="2" charset="0"/><a:cs typeface="Roboto" panose="02000000000000000000" pitchFamily="2" charset="0"/></a:rPr><a:t>We are uploading the news of all categories happen in the world and it will be maintained by  Using database</a:t></a:r></a:p></p:txBody></p:sp></p:spTree><p:extLst><p:ext uri="{BB962C8B-B14F-4D97-AF65-F5344CB8AC3E}"><p14:creationId xmlns:p14="http://schemas.microsoft.com/office/powerpoint/2010/main" val="2924845110"/></p:ext></p:extLst></p:cSld><p:clrMapOvr><a:masterClrMapping/></p:clrMapOvr></p:sld>