<?xml version="1.0" encoding="UTF-8" standalone="yes"?>
<p:sld xmlns:a="http://schemas.openxmlformats.org/drawingml/2006/main" xmlns:r="http://schemas.openxmlformats.org/officeDocument/2006/relationships" xmlns:p="http://schemas.openxmlformats.org/presentationml/2006/main"><p:cSld><p:bg><p:bgPr><a:solidFill><a:schemeClr val="bg1"/></a:solidFill><a:effectLst/></p:bgPr></p:bg><p:spTree><p:nvGrpSpPr><p:cNvPr id="1" name=""/><p:cNvGrpSpPr/><p:nvPr/></p:nvGrpSpPr><p:grpSpPr><a:xfrm><a:off x="0" y="0"/><a:ext cx="0" cy="0"/><a:chOff x="0" y="0"/><a:chExt cx="0" cy="0"/></a:xfrm></p:grpSpPr><p:sp useBgFill="1"><p:nvSpPr><p:cNvPr id="30" name="Rectangle 29"><a:extLst><a:ext uri="{FF2B5EF4-FFF2-40B4-BE49-F238E27FC236}"><a16:creationId xmlns:a16="http://schemas.microsoft.com/office/drawing/2014/main" id="{E91DC736-0EF8-4F87-9146-EBF1D2EE4D3D}"/></a:ext><a:ext uri="{C183D7F6-B498-43B3-948B-1728B52AA6E4}"><adec:decorative xmlns:adec="http://schemas.microsoft.com/office/drawing/2017/decorative" val="1"/></a:ext></a:extLst></p:cNvPr><p:cNvSpPr><a:spLocks noGrp="1" noRot="1" noChangeAspect="1" noMove="1" noResize="1" noEditPoints="1" noAdjustHandles="1" noChangeArrowheads="1" noChangeShapeType="1" noTextEdit="1"/></p:cNvSpPr><p:nvPr><p:extLst><p:ext uri="{386F3935-93C4-4BCD-93E2-E3B085C9AB24}"><p16:designElem xmlns:p16="http://schemas.microsoft.com/office/powerpoint/2015/main" val="1"/></p:ext></p:extLst></p:nvPr></p:nvSpPr><p:spPr><a:xfrm><a:off x="0" y="0"/><a:ext cx="12192000" cy="6858000"/></a:xfrm><a:prstGeom prst="rect"><a:avLst/></a:prstGeom><a:ln><a:noFill/></a:ln></p:spPr><p:style><a:lnRef idx="2"><a:schemeClr val="accent1"><a:shade val="50000"/></a:schemeClr></a:lnRef><a:fillRef idx="1"><a:schemeClr val="accent1"/></a:fillRef><a:effectRef idx="0"><a:schemeClr val="accent1"/></a:effectRef><a:fontRef idx="minor"><a:schemeClr val="lt1"/></a:fontRef></p:style><p:txBody><a:bodyPr rtlCol="0" anchor="ctr"/><a:lstStyle/><a:p><a:pPr algn="ctr"/><a:endParaRPr lang="en-US"/></a:p></p:txBody></p:sp><p:sp><p:nvSpPr><p:cNvPr id="32" name="Rectangle 31"><a:extLst><a:ext uri="{FF2B5EF4-FFF2-40B4-BE49-F238E27FC236}"><a16:creationId xmlns:a16="http://schemas.microsoft.com/office/drawing/2014/main" id="{097CD68E-23E3-4007-8847-CD0944C4F7BE}"/></a:ext><a:ext uri="{C183D7F6-B498-43B3-948B-1728B52AA6E4}"><adec:decorative xmlns:adec="http://schemas.microsoft.com/office/drawing/2017/decorative" val="1"/></a:ext></a:extLst></p:cNvPr><p:cNvSpPr><a:spLocks noGrp="1" noRot="1" noChangeAspect="1" noMove="1" noResize="1" noEditPoints="1" noAdjustHandles="1" noChangeArrowheads="1" noChangeShapeType="1" noTextEdit="1"/></p:cNvSpPr><p:nvPr><p:extLst><p:ext uri="{386F3935-93C4-4BCD-93E2-E3B085C9AB24}"><p16:designElem xmlns:p16="http://schemas.microsoft.com/office/powerpoint/2015/main" val="1"/></p:ext></p:extLst></p:nvPr></p:nvSpPr><p:spPr><a:xfrm><a:off x="0" y="0"/><a:ext cx="9756601" cy="6858000"/></a:xfrm><a:prstGeom prst="rect"><a:avLst/></a:prstGeom><a:gradFill><a:gsLst><a:gs pos="58000"><a:schemeClr val="bg1"/></a:gs><a:gs pos="35000"><a:schemeClr val="bg1"><a:alpha val="79000"/></a:schemeClr></a:gs><a:gs pos="19000"><a:schemeClr val="bg1"><a:alpha val="38000"/></a:schemeClr></a:gs><a:gs pos="0"><a:schemeClr val="bg1"><a:alpha val="0"/></a:schemeClr></a:gs><a:gs pos="100000"><a:schemeClr val="bg1"/></a:gs></a:gsLst><a:lin ang="10800000" scaled="0"/></a:gradFill><a:ln><a:noFill/></a:ln></p:spPr><p:style><a:lnRef idx="2"><a:schemeClr val="accent1"><a:shade val="50000"/></a:schemeClr></a:lnRef><a:fillRef idx="1"><a:schemeClr val="accent1"/></a:fillRef><a:effectRef idx="0"><a:schemeClr val="accent1"/></a:effectRef><a:fontRef idx="minor"><a:schemeClr val="lt1"/></a:fontRef></p:style><p:txBody><a:bodyPr rtlCol="0" anchor="ctr"/><a:lstStyle/><a:p><a:pPr algn="ctr"/><a:endParaRPr lang="en-US"/></a:p></p:txBody></p:sp><p:sp><p:nvSpPr><p:cNvPr id="2" name="Title 1"/><p:cNvSpPr><a:spLocks noGrp="1"/></p:cNvSpPr><p:nvPr><p:ph type="ctrTitle"/></p:nvPr></p:nvSpPr><p:spPr><a:xfrm><a:off x="833073" y="1660246"/><a:ext cx="8923528" cy="2868386"/></a:xfrm></p:spPr><p:txBody><a:bodyPr anchor="b"><a:normAutofit/></a:bodyPr><a:lstStyle/><a:p><a:pPr algn="l"/><a:r><a:rPr lang="en-US" sz="4800" b="1" dirty="0"><a:latin typeface="Candara" panose="020E0502030303020204" pitchFamily="34" charset="0"/></a:rPr><a:t>News Portal</a:t></a:r></a:p></p:txBody></p:sp><p:sp><p:nvSpPr><p:cNvPr id="34" name="Rectangle 33"><a:extLst><a:ext uri="{FF2B5EF4-FFF2-40B4-BE49-F238E27FC236}"><a16:creationId xmlns:a16="http://schemas.microsoft.com/office/drawing/2014/main" id="{AF2F604E-43BE-4DC3-B983-E071523364F8}"/></a:ext><a:ext uri="{C183D7F6-B498-43B3-948B-1728B52AA6E4}"><adec:decorative xmlns:adec="http://schemas.microsoft.com/office/drawing/2017/decorative" val="1"/></a:ext></a:extLst></p:cNvPr><p:cNvSpPr><a:spLocks noGrp="1" noRot="1" noChangeAspect="1" noMove="1" noResize="1" noEditPoints="1" noAdjustHandles="1" noChangeArrowheads="1" noChangeShapeType="1" noTextEdit="1"/></p:cNvSpPr><p:nvPr><p:extLst><p:ext uri="{386F3935-93C4-4BCD-93E2-E3B085C9AB24}"><p16:designElem xmlns:p16="http://schemas.microsoft.com/office/powerpoint/2015/main" val="1"/></p:ext></p:extLst></p:nvPr></p:nvSpPr><p:spPr><a:xfrm rot="5400000"><a:off x="759921" y="346791"/><a:ext cx="146304" cy="704088"/></a:xfrm><a:prstGeom prst="rect"><a:avLst/></a:prstGeom><a:solidFill><a:schemeClr val="accent2"/></a:solidFill><a:ln><a:noFill/></a:ln></p:spPr><p:style><a:lnRef idx="2"><a:schemeClr val="accent1"><a:shade val="50000"/></a:schemeClr></a:lnRef><a:fillRef idx="1"><a:schemeClr val="accent1"/></a:fillRef><a:effectRef idx="0"><a:schemeClr val="accent1"/></a:effectRef><a:fontRef idx="minor"><a:schemeClr val="lt1"/></a:fontRef></p:style><p:txBody><a:bodyPr rtlCol="0" anchor="ctr"/><a:lstStyle/><a:p><a:pPr algn="ctr"/><a:endParaRPr lang="en-US"><a:solidFill><a:prstClr val="white"/></a:solidFill><a:latin typeface="Calibri" panose="020F0502020204030204"/></a:endParaRPr></a:p></p:txBody></p:sp><p:sp><p:nvSpPr><p:cNvPr id="36" name="Rectangle 35"><a:extLst><a:ext uri="{FF2B5EF4-FFF2-40B4-BE49-F238E27FC236}"><a16:creationId xmlns:a16="http://schemas.microsoft.com/office/drawing/2014/main" id="{08C9B587-E65E-4B52-B37C-ABEBB6E87928}"/></a:ext><a:ext uri="{C183D7F6-B498-43B3-948B-1728B52AA6E4}"><adec:decorative xmlns:adec="http://schemas.microsoft.com/office/drawing/2017/decorative" val="1"/></a:ext></a:extLst></p:cNvPr><p:cNvSpPr><a:spLocks noGrp="1" noRot="1" noChangeAspect="1" noMove="1" noResize="1" noEditPoints="1" noAdjustHandles="1" noChangeArrowheads="1" noChangeShapeType="1" noTextEdit="1"/></p:cNvSpPr><p:nvPr><p:extLst><p:ext uri="{386F3935-93C4-4BCD-93E2-E3B085C9AB24}"><p16:designElem xmlns:p16="http://schemas.microsoft.com/office/powerpoint/2015/main" val="1"/></p:ext></p:extLst></p:nvPr></p:nvSpPr><p:spPr><a:xfrm><a:off x="481029" y="4546920"/><a:ext cx="3977640" cy="18288"/></a:xfrm><a:prstGeom prst="rect"><a:avLst/></a:prstGeom><a:solidFill><a:srgbClr val="D5D5D5"/></a:solidFill><a:ln w="3175"><a:noFill/></a:ln><a:effectLst/></p:spPr><p:style><a:lnRef idx="2"><a:schemeClr val="accent1"><a:shade val="50000"/></a:schemeClr></a:lnRef><a:fillRef idx="1"><a:schemeClr val="accent1"/></a:fillRef><a:effectRef idx="0"><a:schemeClr val="accent1"/></a:effectRef><a:fontRef idx="minor"><a:schemeClr val="lt1"/></a:fontRef></p:style><p:txBody><a:bodyPr rtlCol="0" anchor="ctr"/><a:lstStyle/><a:p><a:pPr marL="0" marR="0" lvl="0" indent="0" algn="ctr" defTabSz="914400" rtl="0" eaLnBrk="1" fontAlgn="auto" latinLnBrk="0" hangingPunct="1"><a:lnSpc><a:spcPct val="100000"/></a:lnSpc><a:spcBef><a:spcPts val="0"/></a:spcBef><a:spcAft><a:spcPts val="0"/></a:spcAft><a:buClrTx/><a:buSzTx/><a:buFontTx/><a:buNone/><a:tabLst/><a:defRPr/></a:pPr><a:endParaRPr kumimoji="0" lang="en-US" sz="1800" b="0" i="0" u="none" strike="noStrike" kern="1200" cap="none" spc="0" normalizeH="0" baseline="0" noProof="0"><a:ln><a:noFill/></a:ln><a:solidFill><a:prstClr val="white"/></a:solidFill><a:effectLst/><a:uLnTx/><a:uFillTx/><a:latin typeface="Calibri" panose="020F0502020204030204"/><a:ea typeface="+mn-ea"/><a:cs typeface="+mn-cs"/></a:endParaRPr></a:p></p:txBody></p:sp></p:spTree><p:extLst><p:ext uri="{BB962C8B-B14F-4D97-AF65-F5344CB8AC3E}"><p14:creationId xmlns:p14="http://schemas.microsoft.com/office/powerpoint/2010/main" val="109857222"/></p:ext></p:extLst></p:cSld><p:clrMapOvr><a:masterClrMapping/></p:clrMapOvr><p:timing><p:tnLst><p:par><p:cTn id="1" dur="indefinite" restart="never" nodeType="tmRoot"><p:childTnLst><p:seq concurrent="1" nextAc="seek"><p:cTn id="2" dur="indefinite" nodeType="mainSeq"><p:childTnLst><p:par><p:cTn id="3" fill="hold"><p:stCondLst><p:cond delay="indefinite"/><p:cond evt="onBegin" delay="0"><p:tn val="2"/></p:cond></p:stCondLst><p:childTnLst><p:par><p:cTn id="4" fill="hold"><p:stCondLst><p:cond delay="0"/></p:stCondLst><p:childTnLst><p:par><p:cTn id="5" presetID="10" presetClass="entr" presetSubtype="0" fill="hold" grpId="0" nodeType="withEffect"><p:stCondLst><p:cond delay="1000"/></p:stCondLst><p:iterate type="lt"><p:tmPct val="10000"/></p:iterate><p:childTnLst><p:set><p:cBhvr><p:cTn id="6" dur="1" fill="hold"><p:stCondLst><p:cond delay="0"/></p:stCondLst></p:cTn><p:tgtEl><p:spTgt spid="2"/></p:tgtEl><p:attrNameLst><p:attrName>style.visibility</p:attrName></p:attrNameLst></p:cBhvr><p:to><p:strVal val="visible"/></p:to></p:set><p:animEffect transition="in" filter="fade"><p:cBhvr><p:cTn id="7" dur="400"/><p:tgtEl><p:spTgt spid="2"/></p:tgtEl></p:cBhvr></p:animEffect></p:childTnLst></p:cTn></p:par></p:childTnLst></p:cTn></p:par></p:childTnLst></p:cTn></p:par></p:childTnLst></p:cTn><p:prevCondLst><p:cond evt="onPrev" delay="0"><p:tgtEl><p:sldTgt/></p:tgtEl></p:cond></p:prevCondLst><p:nextCondLst><p:cond evt="onNext" delay="0"><p:tgtEl><p:sldTgt/></p:tgtEl></p:cond></p:nextCondLst></p:seq></p:childTnLst></p:cTn></p:par></p:tnLst><p:bldLst><p:bldP spid="2" grpId="0"/></p:bldLst></p:timing></p:sld>